f_lock,phase_idx,phase_angle,phase_bin,degrees
16.0,0,0.0,0,0.0
16.0,1,0.6283185307179586,0,36.0
16.0,2,1.2566370614359172,1,72.0
16.0,3,1.884955592153876,2,108.00000000000001
16.0,4,2.5132741228718345,3,144.0
16.0,5,3.141592653589793,4,180.0
16.0,6,3.769911184307752,4,216.00000000000003
16.0,7,4.39822971502571,5,252.0
16.0,8,5.026548245743669,6,288.0
16.0,9,5.654866776461628,7,324.0
21.333333,0,0.0,0,0.0
21.333333,1,0.8377578315177701,1,47.99998800000012
21.333333,2,1.6755156630355401,2,95.99997600000025
21.333333,3,2.51327349455331,3,143.99996400000038
21.333333,4,3.3510313260710802,4,191.9999520000005
21.333333,5,4.188789157588843,5,239.9999400000002
21.333333,6,5.02654698910662,6,287.99992800000075
21.333333,7,5.864304820624383,7,335.99991600000044
21.333333,8,0.4188773449625742,0,23.999904000000978
21.333333,9,1.2566351764803372,1,71.9998920000007
25.6,0,0.0,0,0.0
25.6,1,1.7592918860102849,2,100.80000000000004
25.6,2,3.5185837720205697,4,201.60000000000008
25.6,3,5.277875658030855,6,302.40000000000015
25.6,4,0.7539822368615532,0,43.20000000000016
25.6,5,2.5132741228718345,3,144.0
25.6,6,4.272566008882123,5,244.80000000000024
25.6,7,6.031857894892411,7,345.6000000000005
25.6,8,1.5079644737231064,1,86.40000000000032
25.6,9,3.2672563597333877,4,187.20000000000016
32.0,0,0.0,0,0.0
32.0,1,0.6283185307179586,0,36.0
32.0,2,1.2566370614359172,1,72.0
32.0,3,1.884955592153876,2,108.00000000000001
32.0,4,2.5132741228718345,3,144.0
32.0,5,3.141592653589793,4,180.0
32.0,6,3.769911184307752,4,216.00000000000003
32.0,7,4.39822971502571,5,252.0
32.0,8,5.026548245743669,6,288.0
32.0,9,5.654866776461628,7,324.0
42.666667,0,0.0,0,0.0
42.666667,1,1.6755162913540644,2,96.00001199999988
42.666667,2,3.351032582708129,4,192.00002399999977
42.666667,3,5.0265488740622,6,288.000036
42.666667,4,0.4188798582366715,0,24.000047999999513
42.666667,5,2.094396149590729,2,120.00005999999898
42.666667,6,3.7699124409448146,4,216.00007200000007
42.666667,7,5.445428732298872,6,312.00008399999956
42.666667,8,0.837759716473343,1,48.000095999999026
42.666667,9,2.5132760078274003,3,144.0001079999985
48.0,0,0.0,0,0.0
48.0,1,1.8849555921538759,2,108.0
48.0,2,3.7699111843077517,4,216.0
48.0,3,5.6548667764616285,7,324.00000000000006
48.0,4,1.2566370614359172,1,72.0
48.0,5,3.141592653589793,4,180.0
48.0,6,5.026548245743671,6,288.0000000000001
48.0,7,0.6283185307179604,0,36.0000000000001
48.0,8,2.5132741228718345,3,144.0
48.0,9,4.39822971502571,5,252.0
51.2,0,0.0,0,0.0
51.2,1,0.7539822368615532,0,43.20000000000016
51.2,2,1.5079644737231064,1,86.40000000000032
51.2,3,2.2619467105846596,2,129.60000000000048
51.2,4,3.0159289474462128,3,172.80000000000064
51.2,5,3.7699111843077517,4,216.0
51.2,6,4.523893421169319,5,259.20000000000095
51.2,7,5.2778756580308865,6,302.40000000000197
51.2,8,6.0318578948924255,7,345.6000000000013
51.2,9,0.5026548245743783,0,28.80000000000065
64.0,0,0.0,0,0.0
64.0,1,0.8975979010256552,1,51.42857142857143
64.0,2,1.7951958020513104,2,102.85714285714286
64.0,3,2.6927937030769655,3,154.28571428571428
64.0,4,3.5903916041026207,4,205.71428571428572
64.0,5,4.487989505128275,5,257.1428571428571
64.0,6,5.385587406153931,6,308.57142857142856
76.8,0,0.0,0,0.0
76.8,1,4.272566008882123,5,244.80000000000024
76.8,2,2.2619467105846596,2,129.60000000000048
76.8,3,0.25132741228721756,0,14.400000000001954
76.8,4,4.523893421169319,5,259.20000000000095
76.8,5,2.5132741228718345,3,144.0
76.8,6,0.5026548245744351,0,28.80000000000391
76.8,7,4.775220833456508,6,273.6000000000013
76.8,8,2.764601535159052,3,158.40000000000197
76.8,9,0.753982236861539,0,43.19999999999935
80.0,0,0.0,0,0.0
80.0,1,3.141592653589793,4,180.0
80.0,2,0.0,0,0.0
80.0,3,3.141592653589795,4,180.0000000000001
80.0,4,0.0,0,0.0
80.0,5,3.141592653589793,4,180.0
80.0,6,3.552713678800501e-15,0,2.0355549961366507e-13
80.0,7,3.1415926535897967,4,180.0000000000002
80.0,8,0.0,0,0.0
80.0,9,3.141592653589793,4,180.0
85.333333,0,0.0,0,0.0
85.333333,1,3.3510319543896046,4,191.99998800000012
85.333333,2,0.41887860159962287,0,23.999976000000245
85.333333,3,3.7699105559892487,4,215.9999640000016
85.333333,4,0.8377572031992457,1,47.99995200000049
85.333333,5,4.188789157588829,5,239.99993999999938
85.333333,6,1.2566358047989112,1,71.99992800000318
85.333333,7,4.607667759188466,5,263.99991600000044
85.333333,8,1.6755144063984915,2,95.99990400000098
85.333333,9,5.026546360788046,6,287.9998919999982
96.0,0,0.0,0,0.0
96.0,1,1.8849555921538759,2,108.0
96.0,2,3.7699111843077517,4,216.0
96.0,3,5.6548667764616285,7,324.00000000000006
96.0,4,1.2566370614359172,1,72.0
96.0,5,3.141592653589793,4,180.0
96.0,6,5.026548245743671,6,288.0000000000001
96.0,7,0.6283185307179604,0,36.0000000000001
96.0,8,2.5132741228718345,3,144.0
96.0,9,4.39822971502571,5,252.0
102.4,0,0.0,0,0.0
102.4,1,0.7539822368615532,0,43.20000000000016
102.4,2,1.5079644737231064,1,86.40000000000032
102.4,3,2.2619467105846596,2,129.60000000000048
102.4,4,3.0159289474462128,3,172.80000000000064
102.4,5,3.7699111843077517,4,216.0
102.4,6,4.523893421169319,5,259.20000000000095
102.4,7,5.2778756580308865,6,302.40000000000197
102.4,8,6.0318578948924255,7,345.6000000000013
102.4,9,0.5026548245743783,0,28.80000000000065
106.666667,0,0.0,0,0.0
106.666667,1,4.188790414225906,5,240.00001200000028
106.666667,2,2.094395521272226,2,120.00002400000056
106.666667,3,6.283185598476848e-07,0,3.600000166901037e-05
106.666667,4,4.188791042544452,5,240.00004800000113
106.666667,5,2.0943961495907573,2,120.00006000000062
106.666667,6,1.2566371196953696e-06,0,7.200000333802074e-05
106.666667,7,4.1887916708630115,5,240.0000840000028
106.666667,8,2.094396777909317,2,120.00009600000227
106.666667,9,1.8849556226996356e-06,0,0.00010800000175014312
112.0,0,0.0,0,0.0
112.0,1,4.39822971502571,5,252.0
112.0,2,2.5132741228718345,3,144.0
112.0,3,0.6283185307179604,0,36.0000000000001
112.0,4,5.026548245743669,6,288.0
112.0,5,3.141592653589793,4,180.0
112.0,6,1.2566370614359208,1,72.0000000000002
112.0,7,5.654866776461631,7,324.0000000000002
112.0,8,3.7699111843077517,4,216.0
112.0,9,1.8849555921538794,2,108.0000000000002
128.0,0,0.0,0,0.0
128.0,1,2.0943951023931953,2,119.99999999999999
128.0,2,4.1887902047863905,5,239.99999999999997
144.0,0,0.0,0,0.0
144.0,1,5.654866776461628,7,324.0
144.0,2,5.026548245743669,6,288.0
144.0,3,4.398229715025714,5,252.0000000000002
144.0,4,3.7699111843077517,4,216.0
144.0,5,3.141592653589793,4,180.0
144.0,6,2.5132741228718416,3,144.0000000000004
144.0,7,1.8849555921538794,2,108.0000000000002
144.0,8,1.2566370614359172,1,72.0
144.0,9,0.6283185307179622,0,36.000000000000206
149.333333,0,0.0,0,0.0
149.333333,1,5.864306077261446,7,335.99998800000054
149.333333,2,5.445426847343306,6,311.9999760000011
149.333333,3,5.026547617425223,6,287.99996400000487
149.333333,4,4.607668387507026,5,263.9999520000021
149.333333,5,4.188789157588886,5,239.99994000000265
149.333333,6,3.7699099276708594,4,215.99992800000967
149.333333,7,3.3510306977527193,4,191.99991600001022
149.333333,8,2.9321514678344656,3,167.99990400000422
149.333333,9,2.5132722379163255,3,143.99989200000476
153.6,0,0.0,0,0.0
153.6,1,4.272566008882123,5,244.80000000000024
153.6,2,2.2619467105846596,2,129.60000000000048
153.6,3,0.25132741228721756,0,14.400000000001954
153.6,4,4.523893421169319,5,259.20000000000095
153.6,5,2.5132741228718345,3,144.0
153.6,6,0.5026548245744351,0,28.80000000000391
153.6,7,4.775220833456508,6,273.6000000000013
153.6,8,2.764601535159052,3,158.40000000000197
153.6,9,0.753982236861539,0,43.19999999999935
160.0,0,0.0,0,0.0
160.0,1,3.141592653589793,4,180.0
160.0,2,0.0,0,0.0
160.0,3,3.141592653589795,4,180.0000000000001
160.0,4,0.0,0,0.0
160.0,5,3.141592653589793,4,180.0
160.0,6,3.552713678800501e-15,0,2.0355549961366507e-13
160.0,7,3.1415926535897967,4,180.0000000000002
160.0,8,0.0,0,0.0
160.0,9,3.141592653589793,4,180.0
170.666667,0,0.0,0,0.0
170.666667,1,0.4188792299181401,0,24.000011999999472
170.666667,2,0.8377584598362802,1,48.000023999998945
170.666667,3,1.256637689754477,1,72.00003600000167
170.666667,4,1.6755169196725603,2,96.00004799999789
170.666667,5,2.0943961495907004,2,120.00005999999735
170.666667,6,2.513275379508954,3,144.00007200000334
170.666667,7,2.9321546094270943,3,168.0000840000028
170.666667,8,3.3510338393451207,4,192.00009599999578
170.666667,9,3.7699130692632608,4,216.00010799999524
176.0,0,0.0,0,0.0
176.0,1,0.6283185307179586,0,36.0
176.0,2,1.2566370614359172,1,72.0
176.0,3,1.8849555921538759,2,108.0
176.0,4,2.5132741228718345,3,144.0
176.0,5,3.1415926535897896,3,179.9999999999998
176.0,6,3.7699111843077517,4,216.0
176.0,7,4.398229715025707,5,251.9999999999998
176.0,8,5.026548245743669,6,288.0
176.0,9,5.654866776461624,7,323.9999999999998
179.2,0,0.0,0,0.0
179.2,1,5.780530482605222,7,331.20000000000016
179.2,2,5.277875658030858,6,302.4000000000003
179.2,3,4.775220833456508,6,273.6000000000013
179.2,4,4.27256600888213,5,244.80000000000064
179.2,5,3.7699111843077517,4,216.0
179.2,6,3.2672563597334303,4,187.2000000000026
179.2,7,2.764601535159109,3,158.4000000000052
179.2,8,2.261946710584674,2,129.6000000000013
179.2,9,1.7592918860103524,2,100.8000000000039
192.0,0,0.0,0,0.0
192.0,1,2.6927937030769655,3,154.28571428571428
192.0,2,5.385587406153931,6,308.57142857142856
192.0,3,1.7951958020513104,2,102.85714285714286
192.0,4,4.487989505128276,5,257.14285714285717
192.0,5,0.8975979010256534,1,51.428571428571324
192.0,6,3.5903916041026207,4,205.71428571428572
204.8,0,0.0,0,0.0
204.8,1,3.0159289474462128,3,172.80000000000064
204.8,2,6.0318578948924255,7,345.6000000000013
204.8,3,2.764601535159052,3,158.40000000000197
204.8,4,5.780530482605265,7,331.2000000000026
204.8,5,2.5132741228718345,3,144.0
204.8,6,5.529203070318104,7,316.80000000000393
204.8,7,2.2619467105847875,2,129.6000000000078
204.8,8,5.277875658030943,6,302.4000000000052
204.8,9,2.010619298297513,2,115.2000000000026
208.0,0,0.0,0,0.0
208.0,1,1.8849555921538776,2,108.0000000000001
208.0,2,3.7699111843077553,4,216.0000000000002
208.0,3,5.654866776461635,7,324.0000000000004
208.0,4,1.2566370614359244,1,72.00000000000041
208.0,5,3.1415926535897967,4,180.0000000000002
208.0,6,5.026548245743683,6,288.0000000000008
208.0,7,0.6283185307179693,0,36.00000000000061
208.0,8,2.5132741228718487,3,144.00000000000082
208.0,9,4.398229715025714,5,252.0000000000002
213.333333,0,0.0,0,0.0
213.333333,1,2.0943948929536944,2,119.99998800000053
213.333333,2,4.188789785907389,5,239.99997600000106
213.333333,3,0.0,0,0.0
213.333333,4,2.0943942646351914,2,119.99995200000211
213.333333,5,4.188789157588886,5,239.99994000000265
213.333333,6,0.0,0,0.0
213.333333,7,2.094393636316802,2,119.99991600001022
213.333333,8,4.188788529270383,5,239.99990400000422
213.333333,9,0.0,0,0.0
224.0,0,0.0,0,0.0
224.0,1,4.39822971502571,5,252.0
224.0,2,2.5132741228718345,3,144.0
224.0,3,0.6283185307179604,0,36.0000000000001
224.0,4,5.026548245743669,6,288.0
224.0,5,3.141592653589793,4,180.0
224.0,6,1.2566370614359208,1,72.0000000000002
224.0,7,5.654866776461631,7,324.0000000000002
224.0,8,3.7699111843077517,4,216.0
224.0,9,1.8849555921538794,2,108.0000000000002
230.4,0,0.0,0,0.0
230.4,1,3.2672563597333877,4,187.20000000000016
230.4,2,0.25132741228718913,0,14.400000000000325
230.4,3,3.518583772020591,4,201.6000000000013
230.4,4,0.5026548245743783,0,28.80000000000065
230.4,5,3.7699111843077517,4,216.0
230.4,6,0.7539822368615958,0,43.2000000000026
230.4,7,4.021238596594969,5,230.40000000000197
230.4,8,1.0053096491487565,1,57.6000000000013
230.4,9,4.272566008882187,5,244.8000000000039
234.666667,0,0.0,0,0.0
234.666667,1,2.9321533527899746,3,168.00001199999946
234.666667,2,5.864306705579949,7,336.0000239999989
234.666667,3,2.5132747511903943,3,144.00003600000167
234.666667,4,5.445428103980312,6,312.0000479999979
234.666667,5,2.0943961495907004,2,120.00005999999735
234.666667,6,5.026549502380789,6,288.00007200000334
234.666667,7,1.6755175479910633,2,96.00008399999629
234.666667,8,4.607670900781038,5,264.0000959999958
234.666667,9,1.2566389463914263,1,72.00010799999524
240.0,0,0.0,0,0.0
240.0,1,3.141592653589793,4,180.0
240.0,2,0.0,0,0.0
240.0,3,3.1415926535897967,4,180.0000000000002
240.0,4,0.0,0,0.0
240.0,5,3.1415926535897896,3,179.9999999999998
240.0,6,7.105427357601002e-15,0,4.0711099922733015e-13
240.0,7,3.1415926535897967,4,180.0000000000002
240.0,8,0.0,0,0.0
240.0,9,3.1415926535897896,3,179.9999999999998
