spec,family,scenario,repeat,parameter,truth,median,low,high,width,covered,converged,max_rhat,min_ess,divergences,observations
A,A,near_null,0,beta_bar,0.0,-0.004288133783125541,-0.10131120328852673,0.09310181292730221,0.19441301621582896,True,True,1.002652460532962,4371.979516567823,0,12000
A,A,near_null,0,delta_O,0.0,-0.06742115074898888,-0.2684563550833345,0.13697531300701785,0.40543166809035236,True,True,1.002652460532962,4371.979516567823,0,12000
A,A,near_null,0,delta_P,0.0,-0.01467678219015453,-0.2799285289682572,0.2394753815205054,0.5194039104887627,True,True,1.002652460532962,4371.979516567823,0,12000
A,A,near_null,1,beta_bar,0.0,8.356506701363826e-06,-0.06947947645312141,0.06564851594935821,0.13512799240247964,True,True,1.003164289388253,4509.645638731991,0,12000
A,A,near_null,1,delta_O,0.0,-0.11326161916541572,-0.25819329397628643,0.0322131017757279,0.2904063957520143,True,True,1.003164289388253,4509.645638731991,0,12000
A,A,near_null,1,delta_P,0.0,0.007875915630994315,-0.17511251468010477,0.19090327022586404,0.3660157849059688,True,True,1.003164289388253,4509.645638731991,0,12000
A,A,effect,0,beta_bar,-0.3,-0.3028715246462613,-0.3617280537063082,-0.24423788475723363,0.11749016894907455,True,True,1.0037488309481324,4467.907603964594,0,12000
A,A,effect,0,delta_O,0.3,0.337681547552131,0.20515706984798784,0.46472630916136753,0.2595692393133797,True,True,1.0037488309481324,4467.907603964594,0,12000
A,A,effect,0,delta_P,-0.15,-0.054526824049935585,-0.22113150271430707,0.11139673259655448,0.33252823531086156,True,True,1.0037488309481324,4467.907603964594,0,12000
A,A,effect,1,beta_bar,-0.3,-0.2898753531884532,-0.3547729567625736,-0.2239781876440735,0.13079476911850008,True,True,1.002923953276766,4381.974588689251,0,12000
A,A,effect,1,delta_O,0.3,0.3597318057031108,0.21725341080646154,0.49541802504133675,0.2781646142348752,True,True,1.002923953276766,4381.974588689251,0,12000
A,A,effect,1,delta_P,-0.15,-0.11897321872788695,-0.291610878460584,0.06428943519993573,0.3559003136605197,True,True,1.002923953276766,4381.974588689251,0,12000
C,C,near_null,0,sigma_phase,0.02,0.020724118303843173,0.005674888181126319,0.05069184347221272,0.0450169552910864,True,True,1.0033979152656436,1908.425002416119,0,12000
C,C,near_null,1,sigma_phase,0.02,0.02021961464635216,0.006062394905475382,0.047982035871475884,0.0419196409660005,True,True,1.00306220773034,2363.7065155384767,0,12000
C,C,effect,0,sigma_phase,0.25,0.3193658123454855,0.2116390890289815,0.5181254031216094,0.3064863140926279,True,True,1.0037858767120478,1260.1100092974048,0,12000
C,C,effect,1,sigma_phase,0.25,0.31155308871920595,0.20496909103226926,0.5135945797775728,0.3086254887453036,True,False,1.0033741651811785,1345.397395881528,1,12000
B,B,near_null,0,theta_lock,0.0,0.0016830608333470373,-0.010207010487593555,0.013909003152355425,0.02411601363994898,True,True,1.0025443273651298,2521.233129483909,0,5830
B,B,near_null,1,theta_lock,0.0,-0.014776824155760718,-0.026816947355209685,-0.002806157806260945,0.024010789548948742,False,True,1.0037096108842658,2413.327989915779,0,5830
B,B,effect,0,theta_lock,0.35,0.3439333138084153,0.33215785337526754,0.35561982383592206,0.023461970460654513,True,True,1.0016419636275669,2727.059549039841,0,5830
B,B,effect,1,theta_lock,0.35,0.34400070399866167,0.3318914614127325,0.3558558918754738,0.02396443046274127,True,True,1.003450938146099,2675.9206423453634,0,5830
D1_tsmixup,D1,near_null,0,theta_S,0.0,0.014292639609240008,-0.03963399076542828,0.06612841780221625,0.10576240856764452,True,True,1.0016562493561783,5135.8562422299865,0,11925
D1_tsmixup,D1,near_null,0,theta_P,0.0,0.0008241521465683253,-0.0391593493310388,0.0411946329662346,0.08035398229727339,True,True,1.0016562493561783,5135.8562422299865,0,11925
D1_tsmixup,D1,near_null,1,theta_S,0.0,-0.0265316775732732,-0.07951057384724974,0.027088316329684524,0.10659889017693427,True,True,1.0020743536528396,5294.924005859876,0,11925
D1_tsmixup,D1,near_null,1,theta_P,0.0,0.028150490499756313,-0.014407316782268987,0.06990062038528878,0.08430793716755777,True,True,1.0020743536528396,5294.924005859876,0,11925
D1_tsmixup,D1,effect,0,theta_S,-0.7,-0.6873463573642427,-0.7390659820924805,-0.6348192875478438,0.10424669454463675,True,True,1.0015206449061869,5422.748543816918,0,11925
D1_tsmixup,D1,effect,0,theta_P,-0.5,-0.5128023518981135,-0.5549779042511082,-0.4704874672581117,0.08449043699299646,True,True,1.0015206449061869,5422.748543816918,0,11925
D1_tsmixup,D1,effect,1,theta_S,-0.7,-0.6937394629207941,-0.7453746230632547,-0.6425397231996856,0.1028348998635692,True,True,1.0018537312268838,5326.828700379061,0,11925
D1_tsmixup,D1,effect,1,theta_P,-0.5,-0.4887160499796604,-0.5289781515225527,-0.44713891270997475,0.08183923881257793,True,True,1.0018537312268838,5326.828700379061,0,11925
D2_stride_f1,D2,near_null,0,kappa,0.65,0.6541392590239501,0.6287662860671182,0.6804909186000763,0.051724632532958115,True,True,1.0006426757744025,5244.074679811515,0,34
D2_stride_f1,D2,near_null,1,kappa,0.65,0.643590877509264,0.6206865183348992,0.6669629075311431,0.04627638919624388,True,True,1.0009066276013698,5152.6763744294985,0,34
D2_stride_f1,D2,effect,0,kappa,1.0,1.0026686190467267,0.9760266945302996,1.0296378196341764,0.05361112510387689,True,True,1.000724305726942,5365.629613619402,0,34
D2_stride_f1,D2,effect,1,kappa,1.0,0.9862088756857077,0.9628000603089287,1.0091572774216986,0.046357217112769855,True,True,1.0003737511942237,4874.2255588381295,0,34
D2_patch_f1,D2,near_null,0,kappa,0.65,0.6020246807251582,0.22831489910441846,0.9753365860560551,0.7470216869516366,True,True,1.000972683026119,3161.853305840536,0,3
D2_patch_f1,D2,near_null,1,kappa,0.65,0.7071002322594844,0.48993925797737664,0.8931373974024905,0.4031981394251139,True,False,1.0023200830573642,1101.0349441638073,26,3
D2_patch_f1,D2,effect,0,kappa,1.0,0.9684757671428279,0.7312800973625344,1.1580712676089553,0.4267911702464209,True,False,1.005585915961882,1345.5867718163122,2,3
D2_patch_f1,D2,effect,1,kappa,1.0,1.001291705531045,0.7176396667271787,1.2406123468330588,0.52297268010588,True,False,1.0016269111744427,1840.6793247900853,5,3
