fit,parameter,median,low,high,sd
A_both,beta_bar  (log recovery ratio),0.299628687076626,0.22584997399939508,0.3737247287621023,0.03722437199302931
A_both,exp(beta_bar)  (recovery ratio),1.3493576805992715,1.2533876104422053,1.453137089503685,0.050292000653077415
A_both,"delta_O  (overlap slope, M1)",-0.12571859134465513,-0.28500132968653147,0.03164344127726833,0.07918986376935956
A_both,delta_P  (log patch-size slope),-0.049641938769955624,-0.25730434185053613,0.15903388986092415,0.10450905334731582
A_both,tau  (spread between geometries),0.13562655487719383,0.09395772137682268,0.21464271806244123,0.03194805443062192
B_adjusted,theta_lock  (log codelength ratio),0.05740937435880898,0.04236644476149753,0.07269526798458194,0.00775194940970535
B_adjusted,exp(theta_lock)  (codelength ratio),1.059089285659987,1.0432767120038202,1.0754027773244004,0.008211563247704905
B_adjusted,r  (Gamma shape),12.578526792386821,12.127822671843623,13.029732769897882,0.22928273428702647
C_phase,sigma_phase  (the estimand),0.006160235502129853,0.003008353975498197,0.014273452773182201,0.0029127445932800467
C_phase,sd of the eight realised offsets,0.0053996244380366655,0.003147133484330254,0.007577960386525398,0.0011356801168029582
C_phase,beta_bar  (the deficit scale),-0.2987761168885749,-0.3756821378042698,-0.21873908141560475,0.039759637889483834
D1_kernelsynth_both,theta_S  kernelsynth,-0.37908767773728846,-0.4131649513872797,-0.34455918220035964,0.017337938760252462
D1_kernelsynth_both,theta_P  kernelsynth,-0.013540648559072964,-0.040018416942286784,0.013187170516273782,0.01353258360935605
D1_pure_both,theta_S  pure,-4.654370150283601,-4.71955321427698,-4.587133617194799,0.03438484946752752
D1_pure_both,theta_P  pure,-0.09162077310566168,-0.1442297507433762,-0.0394584843725325,0.026660184566967667
D1_tsmixup_both,theta_S  tsmixup,-0.2618423894134606,-0.2923756336010899,-0.2307678165094152,0.01568903495998669
D1_tsmixup_both,theta_P  tsmixup,-0.01707128754215633,-0.040744573417316875,0.006777904283928226,0.012190344422518123
D2_stride_f1,"kappa_S  (primary, f1)",1.0001343959803997,0.9895860893175057,1.0109978154346047,0.005444854477128425
D2_patch_f1,"kappa_P  (primary, f1)",4.396116901192812,2.7814437035428825,5.962519041167244,0.8204994139510741
