fit,max_rhat,min_ess_bulk,min_ess_tail,divergences,chains,diagnostics_ok,reason,checkpoint,observations,options
A_both,1.0036402948101193,10603.517320676057,4637.178643375156,0,4,True,,04_A_both.nc,371000,{}
A_overlap,1.0028434635572503,9956.407761544868,4599.9494084198495,0,4,True,,04_A_overlap.nc,371000,"{""patch"": false}"
A_patch,1.0030141089947486,9387.230669476063,4489.953789645572,0,4,True,,04_A_patch.nc,371000,"{""overlap"": false}"
A_none,1.0031775607518936,10289.819322903259,4583.349986343031,0,4,True,,04_A_none.nc,371000,"{""overlap"": false, ""patch"": false}"
A_net_both,1.0036026209713425,8327.015438511417,4751.964337969507,0,4,True,,04_A_net_both.nc,371000,{}
B_adjusted,1.0025700808141405,2724.4536741586744,4045.568340720462,0,4,True,,04_B_adjusted.nc,5830,{}
B_unadjusted,1.000933044861824,5209.562367903515,4889.7732762199785,0,4,True,,04_B_unadjusted.nc,5830,"{""adjusted"": false}"
C_phase,1.0036143284392403,2456.5752523053675,3965.9046160329344,0,4,True,,04_C_phase.nc,371000,{}
C_nophase,1.0038093861589996,9808.29681000217,4401.726766213726,0,4,True,,04_C_nophase.nc,371000,"{""phase"": false}"
D1_kernelsynth_both,1.0022403251902636,9979.861448476579,5460.156207993947,0,4,True,,04_D1_kernelsynth_both.nc,11925,{}
D1_kernelsynth_stride,1.001968473780929,16248.902541494423,5319.579901811972,0,4,True,,04_D1_kernelsynth_stride.nc,11925,"{""use_p"": false}"
D1_kernelsynth_patch,1.0017402981058712,14238.057913586981,5164.741378840757,0,4,True,,04_D1_kernelsynth_patch.nc,11925,"{""use_s"": false}"
D1_kernelsynth_none,1.001602565329528,15630.441100901699,4934.977618294369,0,4,True,,04_D1_kernelsynth_none.nc,11925,"{""use_p"": false, ""use_s"": false}"
D1_pure_both,1.0013503318318613,11291.471660506548,5000.005501848818,0,4,True,,04_D1_pure_both.nc,11925,{}
D1_pure_stride,1.001561492130369,14702.088565077913,5401.708140345601,0,4,True,,04_D1_pure_stride.nc,11925,"{""use_p"": false}"
D1_pure_patch,1.0016985317019502,15118.952026478506,5233.779140274,0,4,True,,04_D1_pure_patch.nc,11925,"{""use_s"": false}"
D1_pure_none,1.003171743622705,16431.119107339207,5336.565427369677,0,4,True,,04_D1_pure_none.nc,11925,"{""use_p"": false, ""use_s"": false}"
D1_tsmixup_both,1.0013199173053262,10670.412103684395,5277.040179178844,0,4,True,,04_D1_tsmixup_both.nc,11925,{}
D1_tsmixup_stride,1.0014748315821917,14712.519918006818,5276.517605221857,0,4,True,,04_D1_tsmixup_stride.nc,11925,"{""use_p"": false}"
D1_tsmixup_patch,1.002206137319507,15614.501480297724,5308.825323727725,0,4,True,,04_D1_tsmixup_patch.nc,11925,"{""use_s"": false}"
D1_tsmixup_none,1.0010796736043752,15699.972665666448,5360.866721228206,0,4,True,,04_D1_tsmixup_none.nc,11925,"{""use_p"": false, ""use_s"": false}"
D1_tsmixup_both_alt,1.0020352526146084,9422.251510823413,5260.7894980403225,0,4,True,,04_D1_tsmixup_both_alt.nc,11925,"{""alt_tolerance"": true}"
D1_kernelsynth_both_alt,1.0014209132145664,10409.42582452612,5162.006096370325,0,4,True,,04_D1_kernelsynth_both_alt.nc,11925,"{""alt_tolerance"": true}"
D2_stride_f1,1.0028632960455333,2663.061916678151,1751.4420283910956,0,4,True,,04_D2_stride_f1.nc,34,{}
D2_stride_delta_hat,1.0003982543386551,6517.056066858516,4964.547356964907,0,4,True,,04_D2_stride_delta_hat.nc,21,{}
D2_patch_f1,1.0018970454531535,3214.1473480473487,4565.587755454268,0,4,True,,04_D2_patch_f1.nc,3,{}
