group,member,fit,elpd_loo,se,p_loo,n_obs,elpd_diff_vs_best,dse_vs_best,elpd_diff_vs_reference,dse_vs_reference,max_pareto_k,good_k,loo_reliable
M1,patch size only,A_patch,-337964.2263882981,774.7625535106979,207.28522384463577,371000,0.0,0.0,-0.7071833021594323,0.15409003913618907,0.4115242252113688,0.7,True
M1,overlap + patch size,A_both,-337964.93357160036,774.7169904336436,208.0657127283048,371000,0.7071833021594323,0.15409003913618907,0.0,0.0,0.33999939859661743,0.7,True
M1_fourway,overlap only,A_overlap,-337964.1586673013,774.7395970964304,207.06844484788598,371000,0.0,0.0,-0.7749042990865398,0.15490838206726015,0.32962940391360773,0.7,True
M1_fourway,patch size only,A_patch,-337964.2263882981,774.7625535106979,207.28522384463577,371000,0.06772099692710754,0.19205299485267807,-0.7071833021594323,0.15409003913618907,0.4115242252113688,0.7,True
M1_fourway,neither,A_none,-337964.6053538802,774.7400031119627,207.70223898347467,371000,0.44668657898038333,0.1778913699285104,-0.32821772010615646,0.1611346928139994,0.3619444328013474,0.7,True
M1_fourway,overlap + patch size,A_both,-337964.93357160036,774.7169904336436,208.0657127283048,371000,0.7749042990865398,0.15490838206726015,0.0,0.0,0.33999939859661743,0.7,True
H2,phase-dependent,C_phase,-337953.0672543934,774.7924540618393,212.71602107805666,371000,0.0,0.0,0.0,0.0,0.35528374591255596,0.7,True
H2,phase-free,C_nophase,-337964.93213662907,774.7601981863554,208.15554024430458,371000,11.864882235700039,4.430529838249747,11.864882235700039,4.430529838249747,0.31830855793375523,0.7,True
B_blocking,stage and geometry adjusted,B_adjusted,-30274.89160138608,91.52643241154858,20.13193470632541,5830,0.0,0.0,0.0,0.0,0.20920433940323593,0.7,True
B_blocking,Eq. (10) taken literally,B_unadjusted,-30530.04288370694,80.14898324717285,4.753516584325553,5830,255.15128232086013,20.97029583083242,255.15128232086013,20.97029583083242,0.002495812625425433,0.7,True
H3_location:kernelsynth,stride only,D1_kernelsynth_stride,-877.5302225953471,111.06697934681075,20.256082540168677,11925,0.0,0.0,-0.5685359220795458,1.3056578819607336,0.37183945899924564,0.7,True
H3_location:kernelsynth,both grids,D1_kernelsynth_both,-878.0987585174266,111.20486989363555,21.54745368596423,11925,0.5685359220795458,1.3056578819607336,0.0,0.0,0.23462982428251353,0.7,True
H3_location:kernelsynth,patch only,D1_kernelsynth_patch,-1112.8349341583776,132.52793314190166,19.928215354967506,11925,235.30471156303045,37.02902522932426,234.73617564095093,36.327806846132496,0.2041171297745746,0.7,True
H3_location:kernelsynth,no grid,D1_kernelsynth_none,-1198.9515726867673,137.48830674924386,18.250343272242617,11925,321.42135009142044,42.579293175391754,320.85281416934083,42.35802585269795,0.2129030386400924,0.7,True
H3_location:pure,both grids,D1_pure_both,-8834.667064283738,60.481023597200796,16.678821808143766,11925,0.0,0.0,0.0,0.0,0.1733367327937873,0.7,True
H3_location:pure,stride only,D1_pure_stride,-8839.35521190245,60.5039779784384,15.651719341405624,11925,4.688147618711394,3.611792726013391,4.688147618711394,3.611792726013391,0.161406992303723,0.7,True
H3_location:pure,patch only,D1_pure_patch,-14552.416075335554,191.02262048550816,28.197201655340905,11925,5717.749011051817,198.4384870607113,5717.749011051817,198.4384870607113,0.13530999669739657,0.7,True
H3_location:pure,no grid,D1_pure_none,-15718.288990948851,220.44305200767388,23.381008017649947,11925,6883.621926665112,230.81280079519675,6883.621926665112,230.81280079519675,0.16695944044410452,0.7,True
H3_location:tsmixup,stride only,D1_tsmixup_stride,426.1760243316826,73.33548064211094,16.21963980128595,11925,0.0,0.0,-0.14373811932111558,1.4402424376450707,0.17159079183644635,0.7,True
H3_location:tsmixup,both grids,D1_tsmixup_both,426.03228621236167,73.33369163567941,17.336488449161436,11925,0.14373811932111558,1.4402424376450707,0.0,0.0,0.22226636233604286,0.7,True
H3_location:tsmixup,patch only,D1_tsmixup_patch,285.38028588445354,73.84280103671733,17.014731174296912,11925,140.7957384472292,15.923330944377962,140.65200032790813,15.017694567443552,0.17520407031743732,0.7,True
H3_location:tsmixup,no grid,D1_tsmixup_none,226.0426337144574,73.49120674692595,15.675658872649649,11925,200.13339061722544,16.803639776018155,199.9896524979043,16.773790446884053,0.1659054230043601,0.7,True
