fit,stratum,metric,coverage
A_both,P,mean,0.25
A_both,P,sd,0.0
A_both,S,mean,0.0
A_both,S,sd,0.16666666666666666
A_both,generator,mean,0.0
A_both,generator,sd,0.0
A_both,global,q05,0.0
A_both,global,q50,0.0
A_both,global,q95,0.0
A_both,harmonic,mean,0.5806451612903226
A_both,harmonic,sd,0.06451612903225806
A_both,model,mean,0.2
A_both,model,sd,0.0
A_both,phase_bin,mean,0.0
A_both,phase_bin,sd,0.375
B_adjusted,family,mean,1.0
B_adjusted,family,sd,0.0
B_adjusted,global,q05,0.0
B_adjusted,global,q50,0.0
B_adjusted,global,q95,0.0
B_adjusted,is_locked,mean,1.0
B_adjusted,is_locked,sd,0.0
B_adjusted,model,mean,1.0
B_adjusted,model,sd,0.26666666666666666
B_adjusted,stage,mean,1.0
B_adjusted,stage,sd,0.1
C_phase,P,mean,0.25
C_phase,P,sd,0.0
C_phase,S,mean,0.0
C_phase,S,sd,0.16666666666666666
C_phase,generator,mean,0.0
C_phase,generator,sd,0.0
C_phase,global,q05,0.0
C_phase,global,q50,0.0
C_phase,global,q95,0.0
C_phase,harmonic,mean,0.5806451612903226
C_phase,harmonic,sd,0.06451612903225806
C_phase,model,mean,0.2
C_phase,model,sd,0.0
C_phase,phase_bin,mean,0.125
C_phase,phase_bin,sd,0.375
D1_kernelsynth_both,P,mean,1.0
D1_kernelsynth_both,P,sd,0.0
D1_kernelsynth_both,S,mean,1.0
D1_kernelsynth_both,S,sd,0.0
D1_kernelsynth_both,global,q05,0.0
D1_kernelsynth_both,global,q50,0.0
D1_kernelsynth_both,global,q95,0.0
D1_kernelsynth_both,grid_class,mean,1.0
D1_kernelsynth_both,grid_class,sd,0.25
D1_kernelsynth_both,model,mean,1.0
D1_kernelsynth_both,model,sd,0.0
D1_pure_both,P,mean,1.0
D1_pure_both,P,sd,0.25
D1_pure_both,S,mean,1.0
D1_pure_both,S,sd,0.6666666666666666
D1_pure_both,global,q05,0.0
D1_pure_both,global,q50,0.0
D1_pure_both,global,q95,0.0
D1_pure_both,grid_class,mean,1.0
D1_pure_both,grid_class,sd,0.25
D1_pure_both,model,mean,1.0
D1_pure_both,model,sd,0.7333333333333333
D1_tsmixup_both,P,mean,1.0
D1_tsmixup_both,P,sd,0.25
D1_tsmixup_both,S,mean,1.0
D1_tsmixup_both,S,sd,0.16666666666666666
D1_tsmixup_both,global,q05,0.0
D1_tsmixup_both,global,q50,0.0
D1_tsmixup_both,global,q95,0.0
D1_tsmixup_both,grid_class,mean,1.0
D1_tsmixup_both,grid_class,sd,0.5
D1_tsmixup_both,model,mean,1.0
D1_tsmixup_both,model,sd,0.4666666666666667
D2_patch_f1,global,q05,1.0
D2_patch_f1,global,q50,0.0
D2_patch_f1,global,q95,0.0
D2_patch_f1,mode,mean,0.0
D2_patch_f1,mode,sd,0.0
D2_patch_f1,model,mean,0.3333333333333333
D2_stride_f1,global,q05,1.0
D2_stride_f1,global,q50,1.0
D2_stride_f1,global,q95,1.0
D2_stride_f1,mode,mean,1.0
D2_stride_f1,mode,sd,1.0
D2_stride_f1,model,mean,1.0
D2_stride_f1,model,sd,0.0
