fit,stratum,level,metric,observed,rep_low,rep_high,ppc_ok
A_both,model,p16-s12,mean,0.6938278165120513,0.6690205033356795,0.690334887877153,False
A_both,model,p16-s12,sd,1.7542241598661934,1.649050488831883,1.6695207194486466,False
A_both,model,p16-s16,mean,0.31370748356592165,0.2636559048627582,0.2909806490481116,False
A_both,model,p16-s16,sd,1.3784129632774,1.388797134052529,1.417359686254983,False
A_both,model,p16-s8,mean,0.3762170399249592,0.30754246047353084,0.3337240491155716,False
A_both,model,p16-s8,sd,1.3724737281566344,1.3891381077008464,1.4185747035590093,False
A_both,model,p24-s12,mean,0.9592776386663414,0.9444343128339763,0.9661366577831962,True
A_both,model,p24-s12,sd,1.6284820521684036,1.484827808403458,1.508578569005275,False
A_both,model,p24-s16,mean,0.5115021451040719,0.6472441717762313,0.6657185672698837,False
A_both,model,p24-s16,sd,1.433866118246362,1.4961472473535047,1.5153476683931923,False
A_both,model,p24-s20,mean,0.3233199413372916,0.4790808315498652,0.4952929023245545,False
A_both,model,p24-s20,sd,1.072888954106354,1.3493448022937822,1.3671526434712635,False
A_both,model,p24-s24,mean,0.9481985115040436,1.0001382182833474,1.020359037374722,False
A_both,model,p24-s24,sd,1.191985935009751,1.485580700511398,1.5079327231535073,False
A_both,model,p24-s8,mean,0.4898894733280614,0.6682755264062477,0.6916957221460341,False
A_both,model,p24-s8,sd,1.4629738201146727,1.4850089115791163,1.5064309491709034,False
A_both,model,p32-s12,mean,0.298483633171823,0.31605148195087857,0.33194577388339414,False
A_both,model,p32-s12,sd,1.5449994636451867,1.35258265471674,1.3683699114662906,False
A_both,model,p32-s16,mean,0.06875501622009625,0.07610088183717754,0.09511222537690253,False
A_both,model,p32-s16,sd,1.1885514103779102,1.0206164114865333,1.042259702197148,False
A_both,model,p32-s20,mean,-0.12067344885313147,-0.06375872761114439,-0.05048185091712231,False
A_both,model,p32-s20,sd,0.6069784353016064,0.9247140482180914,0.9435729098838387,False
A_both,model,p32-s24,mean,0.4112472798206455,0.4037562305082534,0.4177809086309836,True
A_both,model,p32-s24,sd,1.0892406290200085,1.2947590512355718,1.3085606758414863,False
A_both,model,p32-s32,mean,-0.016456520121147584,0.059239866076784976,0.07807978078797934,False
A_both,model,p32-s32,sd,0.7558993226343045,1.0218196866913987,1.043840446836927,False
A_both,model,p32-s8,mean,-0.1987840760518473,-0.16317984184931214,-0.14153363968656066,False
A_both,model,p32-s8,sd,1.4801797272148507,1.02045136816311,1.0427805483690575,False
A_both,model,p8-s8,mean,1.6664584486851355,1.6233718126762524,1.6747969924338708,True
A_both,model,p8-s8,sd,1.6103933546421239,1.4610465811254656,1.5104454318080258,False
A_both,generator,kernelsynth,mean,0.2968393964047117,0.35898106319603773,0.36607267455253795,False
A_both,generator,kernelsynth,sd,1.2712705278504017,1.3447512567665212,1.3534645249608006,False
A_both,generator,tsmixup,mean,0.3399501222814629,0.38387733517361333,0.3908848097704277,False
A_both,generator,tsmixup,sd,1.3593056814800861,1.3433005713911066,1.3518394595923693,False
A_both,harmonic,102.4,mean,0.0370390224965133,0.010059865368779562,0.05391976255904744,True
A_both,harmonic,102.4,sd,0.2193103852322103,0.5706200301208582,0.6514339282559722,False
A_both,harmonic,106.666667,mean,-0.1196938987100479,-0.1423514095392431,-0.11762526857019591,True
A_both,harmonic,106.666667,sd,0.5145809927617297,0.5998204321627039,0.6470113114757686,False
A_both,harmonic,112.0,mean,-0.5140647622638211,-0.37776972235337297,-0.3490227986307196,False
A_both,harmonic,112.0,sd,0.7523745552757767,0.5880700277931219,0.6299925875171458,False
A_both,harmonic,128.0,mean,3.367492628195275,3.532874178845305,3.5723862285664785,False
A_both,harmonic,128.0,sd,0.8926335190794854,0.5952353218770141,0.6403852663399946,False
A_both,harmonic,144.0,mean,-0.5641243975676072,-0.40021607689439886,-0.37093947414524026,False
A_both,harmonic,144.0,sd,0.7736009195787533,0.5895634135396267,0.6273230065265407,False
A_both,harmonic,149.333333,mean,-0.24213966547842752,-0.24870858007709132,-0.22397918954253307,True
A_both,harmonic,149.333333,sd,0.4470469606700632,0.5994434471831539,0.6483702102149336,False
A_both,harmonic,153.6,mean,0.1009073784974031,0.08041902500923781,0.12096990491135998,True
A_both,harmonic,153.6,sd,0.21424389529594673,0.571322931994623,0.6385892358245949,False
A_both,harmonic,16.0,mean,0.3392785564405486,0.1576994224934752,0.19312704650491652,False
A_both,harmonic,16.0,sd,1.050955959538026,0.5879951185505206,0.6313076152560723,False
A_both,harmonic,160.0,mean,-0.033806892532518916,-0.03134483963718893,-0.010985449249027722,False
A_both,harmonic,160.0,sd,0.2798608256716576,0.5952225113928727,0.626415567339681,False
A_both,harmonic,170.666667,mean,0.019927539807760377,8.169700402396351e-05,0.022348740565695035,True
A_both,harmonic,170.666667,sd,0.18096651401937508,0.5972292355957234,0.6358265817999118,False
A_both,harmonic,176.0,mean,0.0022075011353620403,-0.0018251072063309112,0.02487861727333172,True
A_both,harmonic,176.0,sd,0.29494032552412996,0.5870736109275305,0.6341305273648593,False
A_both,harmonic,179.2,mean,-0.0032411599741119933,-0.026636755101141,0.016873581669943103,True
A_both,harmonic,179.2,sd,0.18659523158072147,0.5744956309320064,0.6335954285584687,False
A_both,harmonic,192.0,mean,-0.006185837379727585,-0.011644005775643944,0.008391697927494486,True
A_both,harmonic,192.0,sd,0.22966796044263402,0.6027442442727113,0.6389562138557134,False
A_both,harmonic,204.8,mean,0.004318405744960829,-0.02164399638977701,0.0237584030462673,True
A_both,harmonic,204.8,sd,0.14466709881739565,0.573149142695056,0.6524793896201534,False
A_both,harmonic,208.0,mean,0.01640040516085435,0.00978565274950228,0.035943515053288196,True
A_both,harmonic,208.0,sd,0.26480052906853424,0.588546019495148,0.6346548040674059,False
A_both,harmonic,21.333333,mean,1.7333598167685274,1.6631601827180458,1.6927504934351278,False
A_both,harmonic,21.333333,sd,0.6179261478720746,0.5999352658696644,0.6387609330996079,True
A_both,harmonic,213.333333,mean,-0.0007943670803997678,-0.01846357230341962,0.004224669994392352,True
A_both,harmonic,213.333333,sd,0.14085441087315742,0.5971440727235934,0.6334024170343515,False
A_both,harmonic,224.0,mean,-0.0025738937948951357,-0.007496536098903163,0.011789610211868444,True
A_both,harmonic,224.0,sd,0.2105013348285515,0.5939809737454267,0.6248938196960101,False
A_both,harmonic,230.4,mean,0.05763277358643184,0.03414496890666548,0.07686634340387516,True
A_both,harmonic,230.4,sd,0.14032415291205935,0.5713373479574512,0.6442671305460806,False
A_both,harmonic,234.666667,mean,-0.13892335137472123,-0.14366329016933035,-0.1192573965239472,True
A_both,harmonic,234.666667,sd,0.33987155686045323,0.599368843083297,0.6461687686667392,False
A_both,harmonic,240.0,mean,-0.25877913186398377,-0.19903137183643657,-0.17219174526659,False
A_both,harmonic,240.0,sd,0.5242117725692413,0.5895876987567201,0.6287852998684452,False
A_both,harmonic,25.6,mean,-0.6636491566560923,-0.714464458806107,-0.6617070678681354,True
A_both,harmonic,25.6,sd,0.694719365295322,0.573198474356659,0.6442335006459425,False
A_both,harmonic,32.0,mean,-1.3641123507329764,-1.4462206015822916,-1.421333773358233,False
A_both,harmonic,32.0,sd,0.9640248719973181,0.5926823263346224,0.6326655569873137,False
A_both,harmonic,42.666667,mean,3.339700951979646,3.4009332674986137,3.4257423269984963,False
A_both,harmonic,42.666667,sd,0.5967978886954819,0.5959903324043956,0.6364440963600164,True
A_both,harmonic,48.0,mean,0.10153685101155734,0.12868949940975988,0.15769629970952362,False
A_both,harmonic,48.0,sd,0.7443926586782856,0.5869873801004697,0.6314427517740264,False
A_both,harmonic,51.2,mean,-1.0011265452463514,-1.0435284066144457,-0.9972065765053495,True
A_both,harmonic,51.2,sd,0.5024780523062706,0.5722723454002271,0.6452465948273824,False
A_both,harmonic,64.0,mean,1.7862074337996532,2.1252420104230088,2.1533675362873392,False
A_both,harmonic,64.0,sd,1.1998911856492027,0.6009907682998822,0.6352346556061449,False
A_both,harmonic,76.8,mean,0.04756889714181233,0.0201247312288416,0.06190588681870414,True
A_both,harmonic,76.8,sd,0.2752004084146473,0.5691081187972332,0.6368655399687095,False
A_both,harmonic,80.0,mean,-0.06894442307702936,-0.0920474771756056,-0.0654300914695493,True
A_both,harmonic,80.0,sd,0.5138132666299073,0.5883680667408111,0.6299591396321282,False
A_both,harmonic,85.333333,mean,2.054087003199089,2.5299171754851137,2.584568970063442,False
A_both,harmonic,85.333333,sd,1.6813243164146159,0.5977785825523007,0.634054475080271,False
A_both,harmonic,96.0,mean,-0.2955733616059287,-0.23823800934517916,-0.21708791674287273,False
A_both,harmonic,96.0,sd,0.4963799737791033,0.5935528685409746,0.6231297661965504,False
A_both,phase_bin,0,mean,0.26640348022470023,0.30423158117518406,0.3127828070414683,False
A_both,phase_bin,0,sd,1.2406833577490217,1.2866895327219665,1.2976871972069226,False
A_both,phase_bin,1,mean,0.5146475280427496,0.5953573329409503,0.609561026962853,False
A_both,phase_bin,1,sd,1.4371894279824924,1.4148917896502524,1.4322718815257913,False
A_both,phase_bin,2,mean,0.5574517377986485,0.6251687582868782,0.6363665501399357,False
A_both,phase_bin,2,sd,1.4715932998943746,1.5212222217644817,1.5357961396278583,False
A_both,phase_bin,3,mean,0.16808405622487055,0.21058326621366538,0.22320899542912784,False
A_both,phase_bin,3,sd,1.1004710435018499,1.1802678337600812,1.1968533754390094,False
A_both,phase_bin,4,mean,0.20804937762148817,0.2489022182779717,0.2590499777512366,False
A_both,phase_bin,4,sd,1.2382467706053006,1.2480553547085644,1.261979581520444,False
A_both,phase_bin,5,mean,0.4357392995295192,0.5038408205560074,0.514927243382573,False
A_both,phase_bin,5,sd,1.4196163804622466,1.4153539453483475,1.4319915112455046,True
A_both,phase_bin,6,mean,0.46908705686834534,0.5394629638806997,0.5535688298949024,False
A_both,phase_bin,6,sd,1.4763418200156964,1.4712679693822195,1.4885347166907266,True
A_both,phase_bin,7,mean,-0.15942702958421287,-0.1562525020220491,-0.14014206299269394,False
A_both,phase_bin,7,sd,0.8980875031304666,0.8766222932485257,0.9034758701114133,True
A_both,P,8,mean,1.6664584486851355,1.6233718126762524,1.6747969924338708,True
A_both,P,8,sd,1.6103933546421239,1.4610465811254656,1.5104454318080258,False
A_both,P,16,mean,0.505341213462791,0.46734346472277266,0.4816193480148787,False
A_both,P,16,sd,1.5708532121291263,1.5296270635216356,1.5451140531702943,False
A_both,P,24,mean,0.5947898991327315,0.7110092501468717,0.7205661261012379,False
A_both,P,24,sd,1.3655400274913128,1.4673848044011035,1.4781843844862528,False
A_both,P,32,mean,0.09375499015441606,0.12811176811675015,0.13472294948653282,False
A_both,P,32,sd,1.1639667707722663,1.1508793674125382,1.1606817417475985,False
A_both,S,8,mean,0.22746761492561432,0.2909381448583946,0.3041181248801584,False
A_both,S,8,sd,1.536628350699197,1.3714613489146685,1.3856037992188057,False
A_both,S,12,mean,0.5746167984466872,0.5763743485710408,0.588227098992238,False
A_both,S,12,sd,1.647891854183157,1.4965770671513536,1.5095052596091227,False
A_both,S,16,mean,0.29418899596576775,0.3491156576916122,0.36136178883286274,False
A_both,S,16,sd,1.3429428929554108,1.3297906538484243,1.3430887882079832,True
A_both,S,20,mean,0.0787855106994185,0.18254502677875026,0.19261602811140233,False
A_both,S,20,sd,0.8768135566530455,1.1688847389618238,1.182648060964139,False
A_both,S,24,mean,0.5771207494808012,0.5895712530963823,0.6017601715665402,False
A_both,S,24,sd,1.1490877949072322,1.3866204346480357,1.3985239679806736,False
A_both,S,32,mean,-0.016456520121147584,0.059239866076784976,0.07807978078797934,False
A_both,S,32,sd,0.7558993226343045,1.0218196866913987,1.043840446836927,False
A_both,global,all,q05,-1.3938726558750565,-1.361936613670267,-1.3468949822167344,False
A_both,global,all,q50,0.01612786372915287,0.04369428267803102,0.04934756741140377,False
A_both,global,all,q95,3.4278203656647257,3.269119027988813,3.2884746620393552,False
B_adjusted,model,p16-s12,mean,166.3810052332802,159.21624676980926,173.18526622288616,True
B_adjusted,model,p16-s12,sd,41.12446960490657,44.25058388072842,52.99266520219278,False
B_adjusted,model,p16-s16,mean,166.63828569110854,158.72673372053995,176.39781618625315,True
B_adjusted,model,p16-s16,sd,36.48651267474282,43.28312352113047,53.90720019114252,False
B_adjusted,model,p16-s8,mean,161.21778181422098,152.43188421842433,170.72588211445313,True
B_adjusted,model,p16-s8,sd,37.98970819475146,41.125121183283866,52.42351041164472,False
B_adjusted,model,p24-s12,mean,153.77154200268967,146.6038609718997,160.97639935955092,True
B_adjusted,model,p24-s12,sd,37.58135471375712,40.12828446189242,49.441532314763855,False
B_adjusted,model,p24-s16,mean,156.85038232080598,151.2453732169892,162.4295338984345,True
B_adjusted,model,p24-s16,sd,38.603847032187225,42.19889451359096,48.770157054822356,False
B_adjusted,model,p24-s20,mean,168.39319340207584,163.79829181737927,175.44158903652666,True
B_adjusted,model,p24-s20,sd,42.481344739331185,45.84464895227661,53.0335694305966,False
B_adjusted,model,p24-s24,mean,152.88760595955543,146.60065172132522,159.42798874142096,True
B_adjusted,model,p24-s24,sd,32.611080343224046,40.866010524759936,48.59295525528006,False
B_adjusted,model,p24-s8,mean,173.5642386001654,166.97802644802033,181.363673514098,True
B_adjusted,model,p24-s8,sd,33.45542916358915,45.93464454589335,55.28605283308762,False
B_adjusted,model,p32-s12,mean,148.11130562204352,143.56675392710687,153.01897687300666,True
B_adjusted,model,p32-s12,sd,36.38201989557216,40.10299444712096,46.05963506781537,False
B_adjusted,model,p32-s16,mean,151.9697250981554,145.8811828491106,158.4650582083507,True
B_adjusted,model,p32-s16,sd,40.2906302717441,40.01023839879801,48.868594208731785,True
B_adjusted,model,p32-s20,mean,169.4587781666833,163.5012889268105,173.67332898924082,True
B_adjusted,model,p32-s20,sd,46.80924007573458,45.769239049637456,52.54969080253468,True
B_adjusted,model,p32-s24,mean,149.46361970894569,145.07470301028354,153.326844463444,True
B_adjusted,model,p32-s24,sd,41.60232499123236,40.4481059001566,46.1612569291547,True
B_adjusted,model,p32-s32,mean,171.40253627721424,164.85718999155446,177.60935163967434,True
B_adjusted,model,p32-s32,sd,37.35072974752812,45.577639645550356,53.60511063639183,False
B_adjusted,model,p32-s8,mean,142.47955085049256,138.05606730186406,147.89935640096817,True
B_adjusted,model,p32-s8,sd,39.10265481415882,38.269616148536045,44.80646141342805,True
B_adjusted,model,p8-s8,mean,166.79615100734836,154.35306880100674,179.55544395500368,True
B_adjusted,model,p8-s8,sd,20.839166094393143,40.20549160832536,57.514928981573696,False
B_adjusted,stage,dec_0,mean,157.76817083983443,153.32812832751014,163.70344382456787,True
B_adjusted,stage,dec_0,sd,41.42925186959176,42.57543830241443,49.253694421729584,False
B_adjusted,stage,dec_1,mean,165.1870531583358,160.04627834844518,169.82234734300067,True
B_adjusted,stage,dec_1,sd,45.95025407449294,44.644289654159536,51.79951776162987,True
B_adjusted,stage,dec_2,mean,168.8860089897591,163.96726948789723,174.29130459731698,True
B_adjusted,stage,dec_2,sd,45.83297248543458,46.06023455029625,52.51636931270551,False
B_adjusted,stage,dec_3,mean,169.8195999401688,164.38381754539833,175.26044586213754,True
B_adjusted,stage,dec_3,sd,45.48774853683301,46.11743529394703,53.01762924769009,False
B_adjusted,stage,enc_0,mean,145.90634917584194,141.54707842604927,150.80035114974478,True
B_adjusted,stage,enc_0,sd,30.30196028505141,39.585998133105974,45.63174486219118,False
B_adjusted,stage,enc_1,mean,148.48228035595835,143.45036110287862,152.77491021780295,True
B_adjusted,stage,enc_1,sd,33.101328590263485,40.38910804507471,46.18903167643009,False
B_adjusted,stage,enc_2,mean,150.42516067122537,145.06142833088643,155.03631702282317,True
B_adjusted,stage,enc_2,sd,35.12480302458438,40.687547883755364,46.91714408966322,False
B_adjusted,stage,enc_3,mean,148.63693369775163,144.10622033309411,153.3873547288964,True
B_adjusted,stage,enc_3,sd,33.97493372936961,40.390570570987315,46.05335846212745,False
B_adjusted,stage,output_head,mean,168.5999743983199,162.9560095575998,174.59169542964094,True
B_adjusted,stage,output_head,sd,35.78353800911932,45.37807666269788,52.77463113664967,False
B_adjusted,stage,output_reg,mean,166.86670996978282,162.16596607041316,173.15020081507353,True
B_adjusted,stage,output_reg,sd,44.27667769392611,45.198720848319404,52.49230382021692,False
B_adjusted,is_locked,0,mean,155.91600580252563,154.22331441807472,157.78949802334208,True
B_adjusted,is_locked,0,sd,42.29879590110288,44.867617858547156,47.8702617452489,False
B_adjusted,is_locked,1,mean,164.85103057770314,162.29328551161225,167.80881341885248,True
B_adjusted,is_locked,1,sd,36.674401656721145,46.97425964626821,51.02652934439493,False
B_adjusted,family,both,mean,165.90714224089302,162.48057329453738,170.70623335273137,True
B_adjusted,family,both,sd,29.928873135697085,46.21259683296457,52.411681510505396,False
B_adjusted,family,none,mean,155.91600580252563,154.22331441807472,157.78949802334208,True
B_adjusted,family,none,sd,42.29879590110288,44.867617858547156,47.8702617452489,False
B_adjusted,family,patch,mean,161.5926351460437,160.31528420292793,166.8435215734589,True
B_adjusted,family,patch,sd,40.99454816128806,45.946619176768685,51.349118586307945,False
B_adjusted,family,stride,mean,172.11760981646782,161.11816515010676,172.2262638914344,True
B_adjusted,family,stride,sd,33.8452362948347,44.974160110337024,53.556757507657736,False
B_adjusted,global,all,q05,80.93796806770399,88.58071205520575,92.6486742582149,False
B_adjusted,global,all,q50,163.47167003832433,152.35324492310878,155.78344326965308,False
B_adjusted,global,all,q95,217.78822291184076,240.36983548278084,249.53332337990565,False
C_phase,model,p16-s12,mean,-0.6938278165120513,-0.689062016655225,-0.6692337569775212,False
C_phase,model,p16-s12,sd,1.7542241598661934,1.6499800580923447,1.6702281444922042,False
C_phase,model,p16-s16,mean,-0.31370748356592165,-0.29316267470918167,-0.26496008669544097,False
C_phase,model,p16-s16,sd,1.3784129632774,1.3886652777836381,1.4153124171074174,False
C_phase,model,p16-s8,mean,-0.3762170399249592,-0.3366268303967097,-0.3080854601678298,False
C_phase,model,p16-s8,sd,1.3724737281566344,1.3878947968175017,1.4173237614621004,False
C_phase,model,p24-s12,mean,-0.9592776386663414,-0.9672708518125758,-0.9450915641217029,True
C_phase,model,p24-s12,sd,1.6284820521684036,1.4861702117750402,1.5102432571093354,False
C_phase,model,p24-s16,mean,-0.5115021451040719,-0.6656405501336202,-0.6480907626507547,False
C_phase,model,p24-s16,sd,1.433866118246362,1.4973946669161446,1.5151129766530185,False
C_phase,model,p24-s20,mean,-0.3233199413372916,-0.4951892910457876,-0.47970667198107225,False
C_phase,model,p24-s20,sd,1.072888954106354,1.350880845490821,1.3664014551512107,False
C_phase,model,p24-s24,mean,-0.9481985115040436,-1.021610616509444,-0.9999735936142287,False
C_phase,model,p24-s24,sd,1.191985935009751,1.486732930872039,1.5075106199257007,False
C_phase,model,p24-s8,mean,-0.4898894733280614,-0.6929753013283629,-0.668603232450131,False
C_phase,model,p24-s8,sd,1.4629738201146727,1.4856054264491048,1.5082813985418875,False
C_phase,model,p32-s12,mean,-0.298483633171823,-0.33245981791137863,-0.315362741690593,False
C_phase,model,p32-s12,sd,1.5449994636451867,1.3525083980693606,1.3696561033273635,False
C_phase,model,p32-s16,mean,-0.06875501622009625,-0.0936504302720755,-0.07593485911905763,False
C_phase,model,p32-s16,sd,1.1885514103779102,1.0213135312133057,1.0429041337691234,False
C_phase,model,p32-s20,mean,0.12067344885313147,0.049433683829847384,0.06334280414016816,False
C_phase,model,p32-s20,sd,0.6069784353016064,0.9250624757926822,0.9425546774537956,False
C_phase,model,p32-s24,mean,-0.4112472798206455,-0.41710077126221823,-0.4033746968286629,True
C_phase,model,p32-s24,sd,1.0892406290200085,1.294240422424368,1.3098391092937185,False
C_phase,model,p32-s32,mean,0.016456520121147584,-0.07815045870127293,-0.05914810897869295,False
C_phase,model,p32-s32,sd,0.7558993226343045,1.0221009981660576,1.0438885899420327,False
C_phase,model,p32-s8,mean,0.1987840760518473,0.14166517306590734,0.1619118198925236,False
C_phase,model,p32-s8,sd,1.4801797272148507,1.0215742734129782,1.0429998358624104,False
C_phase,model,p8-s8,mean,-1.6664584486851355,-1.6753038528084507,-1.6215832000621966,True
C_phase,model,p8-s8,sd,1.6103933546421239,1.4589347100878545,1.5125798253879392,False
C_phase,generator,kernelsynth,mean,-0.2968393964047117,-0.3661653088407439,-0.3583555158246726,False
C_phase,generator,kernelsynth,sd,1.2712705278504017,1.344503518815505,1.3545273910800393,False
C_phase,generator,tsmixup,mean,-0.3399501222814629,-0.391236722979225,-0.38405789146244385,False
C_phase,generator,tsmixup,sd,1.3593056814800861,1.344132560014664,1.3526614471316323,False
C_phase,harmonic,102.4,mean,-0.0370390224965133,-0.05492223447885225,-0.013211194224123543,True
C_phase,harmonic,102.4,sd,0.2193103852322103,0.5712960628404377,0.6526259556247,False
C_phase,harmonic,106.666667,mean,0.1196938987100479,0.1189345603928976,0.14390295173760195,True
C_phase,harmonic,106.666667,sd,0.5145809927617297,0.6001347057306536,0.6483163930154142,False
C_phase,harmonic,112.0,mean,0.5140647622638211,0.34937280383548686,0.3777286007843816,False
C_phase,harmonic,112.0,sd,0.7523745552757767,0.5885599404244206,0.6290001454021719,False
C_phase,harmonic,128.0,mean,-3.367492628195275,-3.5719577668863,-3.5341710349191304,False
C_phase,harmonic,128.0,sd,0.8926335190794854,0.5946759675314754,0.6417525054992166,False
C_phase,harmonic,144.0,mean,0.5641243975676072,0.36969490217319817,0.3989279488049496,False
C_phase,harmonic,144.0,sd,0.7736009195787533,0.588238199893757,0.6281982600269188,False
C_phase,harmonic,149.333333,mean,0.24213966547842752,0.22442093478954278,0.2495341457460282,True
C_phase,harmonic,149.333333,sd,0.4470469606700632,0.5990375419954317,0.6445460323535762,False
C_phase,harmonic,153.6,mean,-0.1009073784974031,-0.12180954973413784,-0.08051381978953402,True
C_phase,harmonic,153.6,sd,0.21424389529594673,0.5705104693125762,0.637374985320628,False
C_phase,harmonic,16.0,mean,-0.3392785564405486,-0.191840071120894,-0.15475529761807907,False
C_phase,harmonic,16.0,sd,1.050955959538026,0.5874086866194613,0.6297839628309911,False
C_phase,harmonic,160.0,mean,0.033806892532518916,0.0105707202234326,0.030129749475161685,False
C_phase,harmonic,160.0,sd,0.2798608256716576,0.594419552720131,0.6264951822284607,False
C_phase,harmonic,170.666667,mean,-0.019927539807760377,-0.020260824372172793,1.639965227596513e-05,True
C_phase,harmonic,170.666667,sd,0.18096651401937508,0.5974969654764183,0.6354709476330278,False
C_phase,harmonic,176.0,mean,-0.0022075011353620403,-0.025151541440929945,0.001035485722139223,True
C_phase,harmonic,176.0,sd,0.29494032552412996,0.5875803219666457,0.6332877395022016,False
C_phase,harmonic,179.2,mean,0.0032411599741119933,-0.013834222456523323,0.0313695816629468,True
C_phase,harmonic,179.2,sd,0.18659523158072147,0.573802497608207,0.6337386275164263,False
C_phase,harmonic,192.0,mean,0.006185837379727585,-0.006585973943118268,0.012323163011516288,True
C_phase,harmonic,192.0,sd,0.22966796044263402,0.6037979996884816,0.6383161774086952,False
C_phase,harmonic,204.8,mean,-0.004318405744960829,-0.023915737732481023,0.021404853103338083,True
C_phase,harmonic,204.8,sd,0.14466709881739565,0.5710656228968825,0.6523568229391077,False
C_phase,harmonic,208.0,mean,-0.01640040516085435,-0.03391167183203415,-0.00845275671227675,True
C_phase,harmonic,208.0,sd,0.26480052906853424,0.5876642608908297,0.6323152794541324,False
C_phase,harmonic,21.333333,mean,-1.7333598167685274,-1.6922978690582877,-1.666433845801672,False
C_phase,harmonic,21.333333,sd,0.6179261478720746,0.6005416192960932,0.639016497290347,True
C_phase,harmonic,213.333333,mean,0.0007943670803997678,-0.003943736974320521,0.019907162391590807,True
C_phase,harmonic,213.333333,sd,0.14085441087315742,0.5969269339178868,0.6340592925743227,False
C_phase,harmonic,224.0,mean,0.0025738937948951357,-0.011328714799374135,0.00915649968727478,True
C_phase,harmonic,224.0,sd,0.2105013348285515,0.5930703376133483,0.6255382071185164,False
C_phase,harmonic,230.4,mean,-0.05763277358643184,-0.07597441905338712,-0.03437606975763819,True
C_phase,harmonic,230.4,sd,0.14032415291205935,0.5714460513664011,0.6427793417830101,False
C_phase,harmonic,234.666667,mean,0.13892335137472123,0.11907056680182006,0.14392428270644309,True
C_phase,harmonic,234.666667,sd,0.33987155686045323,0.5997422585996668,0.6442474734331358,False
C_phase,harmonic,240.0,mean,0.25877913186398377,0.17034864504132324,0.1983035371444006,False
C_phase,harmonic,240.0,sd,0.5242117725692413,0.5881230569937744,0.6301633559492122,False
C_phase,harmonic,25.6,mean,0.6636491566560923,0.6601400233164043,0.7125164646083127,True
C_phase,harmonic,25.6,sd,0.694719365295322,0.5724962373813662,0.6442909422543661,False
C_phase,harmonic,32.0,mean,1.3641123507329764,1.4213769248104453,1.4465860691833266,False
C_phase,harmonic,32.0,sd,0.9640248719973181,0.5920222634677746,0.633288304467996,False
C_phase,harmonic,42.666667,mean,-3.339700951979646,-3.4264819536515208,-3.401999962733042,False
C_phase,harmonic,42.666667,sd,0.5967978886954819,0.5961285440826746,0.6364367027455288,True
C_phase,harmonic,48.0,mean,-0.10153685101155734,-0.1576503520252309,-0.12832387069037982,False
C_phase,harmonic,48.0,sd,0.7443926586782856,0.5877641272305402,0.631687931945899,False
C_phase,harmonic,51.2,mean,1.0011265452463514,0.9963148434496125,1.045873169185969,True
C_phase,harmonic,51.2,sd,0.5024780523062706,0.5725830636797848,0.6423946743358333,False
C_phase,harmonic,64.0,mean,-1.7862074337996532,-2.1538169405358847,-2.126499840860791,False
C_phase,harmonic,64.0,sd,1.1998911856492027,0.601222003964266,0.6352488421901501,False
C_phase,harmonic,76.8,mean,-0.04756889714181233,-0.06504055651732538,-0.018480374294858017,True
C_phase,harmonic,76.8,sd,0.2752004084146473,0.5685624329100689,0.6369350876229735,False
C_phase,harmonic,80.0,mean,0.06894442307702936,0.06449058450386663,0.09233561924118418,True
C_phase,harmonic,80.0,sd,0.5138132666299073,0.5882028629053571,0.628960764232665,False
C_phase,harmonic,85.333333,mean,-2.054087003199089,-2.5843821052750315,-2.527912295268687,False
C_phase,harmonic,85.333333,sd,1.6813243164146159,0.5987068449468538,0.6343584224474192,False
C_phase,harmonic,96.0,mean,0.2955733616059287,0.21723523467438283,0.2392640425951568,False
C_phase,harmonic,96.0,sd,0.4963799737791033,0.5931408824250045,0.6235447275996513,False
C_phase,phase_bin,0,mean,-0.26640348022470023,-0.31396893335530607,-0.3046786359745025,False
C_phase,phase_bin,0,sd,1.2406833577490217,1.2868866637175762,1.2984286663596423,False
C_phase,phase_bin,1,mean,-0.5146475280427496,-0.6190427194155216,-0.6014126138552561,False
C_phase,phase_bin,1,sd,1.4371894279824924,1.414935411259401,1.4344675952437747,False
C_phase,phase_bin,2,mean,-0.5574517377986485,-0.637172340124413,-0.6240959486534378,False
C_phase,phase_bin,2,sd,1.4715932998943746,1.5207825710825427,1.5363805781948279,False
C_phase,phase_bin,3,mean,-0.16808405622487055,-0.21840631584980863,-0.20418831938213466,False
C_phase,phase_bin,3,sd,1.1004710435018499,1.179336635940759,1.1970576963818973,False
C_phase,phase_bin,4,mean,-0.20804937762148817,-0.26206769698739074,-0.251113705454693,False
C_phase,phase_bin,4,sd,1.2382467706053006,1.248206053583421,1.2618592230456358,False
C_phase,phase_bin,5,mean,-0.4357392995295192,-0.5172402271443145,-0.5028422632229863,False
C_phase,phase_bin,5,sd,1.4196163804622466,1.4147008925171716,1.4319000826838413,True
C_phase,phase_bin,6,mean,-0.46908705686834534,-0.5498216102190653,-0.5329653580599414,False
C_phase,phase_bin,6,sd,1.4763418200156964,1.4712268630289047,1.4905386526397575,True
C_phase,phase_bin,7,mean,0.15942702958421287,0.14152966111498547,0.16034821577046615,True
C_phase,phase_bin,7,sd,0.8980875031304666,0.8775709320000225,0.9039958292052481,True
C_phase,P,8,mean,-1.6664584486851355,-1.6753038528084507,-1.6215832000621966,True
C_phase,P,8,sd,1.6103933546421239,1.4589347100878545,1.5125798253879392,False
C_phase,P,16,mean,-0.505341213462791,-0.4815966253896178,-0.4673418373084427,False
C_phase,P,16,sd,1.5708532121291263,1.5301368791976162,1.545689055245242,False
C_phase,P,24,mean,-0.5947898991327315,-0.7200627141778161,-0.7105821326017934,False
C_phase,P,24,sd,1.3655400274913128,1.4677680018951749,1.4785402361228286,False
C_phase,P,32,mean,-0.09375499015441606,-0.13495888740961084,-0.12833743806949077,False
C_phase,P,32,sd,1.1639667707722663,1.1517186202965424,1.1602806269407906,False
C_phase,S,8,mean,-0.22746761492561432,-0.3037359571081708,-0.29061396553102975,False
C_phase,S,8,sd,1.536628350699197,1.3719752112030228,1.385276401870769,False
C_phase,S,12,mean,-0.5746167984466872,-0.5885866097110318,-0.5768293596402627,False
C_phase,S,12,sd,1.647891854183157,1.4972750072484262,1.5108851347667336,False
C_phase,S,16,mean,-0.29418899596576775,-0.3605236028263172,-0.34872900613476376,False
C_phase,S,16,sd,1.3429428929554108,1.3298734520073754,1.3436495101174208,True
C_phase,S,20,mean,-0.0787855106994185,-0.1930836597491051,-0.1827246660276327,False
C_phase,S,20,sd,0.8768135566530455,1.1697790161694768,1.1818608156095547,False
C_phase,S,24,mean,-0.5771207494808012,-0.601750043833983,-0.5902503228802334,False
C_phase,S,24,sd,1.1490877949072322,1.3862827646657498,1.399361709360931,False
C_phase,S,32,mean,0.016456520121147584,-0.07815045870127293,-0.05914810897869295,False
C_phase,S,32,sd,0.7558993226343045,1.0221009981660576,1.0438885899420327,False
C_phase,global,all,q05,-3.427820365664726,-3.288157476895452,-3.2700636918925916,False
C_phase,global,all,q50,-0.01612786372915287,-0.04958815082268315,-0.04395798438379369,False
C_phase,global,all,q95,1.3938726558750563,1.346642255255014,1.3610479491150695,False
D1_kernelsynth_both,model,p16-s12,mean,-0.05447383908860541,-0.07985448837771156,-0.02620516756734589,True
D1_kernelsynth_both,model,p16-s12,sd,0.33730600534634186,0.25200365537402114,0.27638172826573215,False
D1_kernelsynth_both,model,p16-s16,mean,0.03240394027212563,0.006280527153806151,0.056677370324146395,True
D1_kernelsynth_both,model,p16-s16,sd,0.20187835697655768,0.25452831312254676,0.2799577857928886,False
D1_kernelsynth_both,model,p16-s8,mean,0.03610470386186433,0.00836194668306177,0.05898601794630843,True
D1_kernelsynth_both,model,p16-s8,sd,0.17582533162060313,0.2513896711506001,0.2762770242902549,False
D1_kernelsynth_both,model,p24-s12,mean,0.0022582384539823184,-0.022758466291091888,0.024706748661336313,True
D1_kernelsynth_both,model,p24-s12,sd,0.33253478918810564,0.2520090284650864,0.27992807348492793,False
D1_kernelsynth_both,model,p24-s16,mean,0.07667182167049803,0.050503197083977144,0.10013576156463304,True
D1_kernelsynth_both,model,p24-s16,sd,0.21427613142096166,0.2545343096469416,0.2803298794425771,False
D1_kernelsynth_both,model,p24-s20,mean,0.07282328471963069,0.04717116016791862,0.09678248542702533,True
D1_kernelsynth_both,model,p24-s20,sd,0.21615614308015785,0.2564390726002263,0.28332798518946156,False
D1_kernelsynth_both,model,p24-s24,mean,0.053828307349063055,0.02694029497815012,0.0789776198086648,True
D1_kernelsynth_both,model,p24-s24,sd,0.3816275028289155,0.25825634809379217,0.2856880847428543,False
D1_kernelsynth_both,model,p24-s8,mean,0.052430779622230125,0.02687512197533477,0.07458941113351068,True
D1_kernelsynth_both,model,p24-s8,sd,0.20348613489294456,0.24932953937165023,0.2774688624815693,False
D1_kernelsynth_both,model,p32-s12,mean,0.04034071207697489,0.01453874633334942,0.06573622468093668,True
D1_kernelsynth_both,model,p32-s12,sd,0.3459596771222206,0.2505926557952825,0.27775421879024204,False
D1_kernelsynth_both,model,p32-s16,mean,0.07362442795116249,0.049034530638229254,0.09723125221132936,True
D1_kernelsynth_both,model,p32-s16,sd,0.20308352889999537,0.25430562935152884,0.2808877910567361,False
D1_kernelsynth_both,model,p32-s20,mean,0.09254454530610003,0.06873290762071343,0.12028330588062691,True
D1_kernelsynth_both,model,p32-s20,sd,0.2217318104873208,0.2563198249564657,0.2816808359991135,False
D1_kernelsynth_both,model,p32-s24,mean,0.040415740900935276,0.015881428786418416,0.06492481745560631,True
D1_kernelsynth_both,model,p32-s24,sd,0.40000822696821403,0.2568418028634239,0.2851309772491867,False
D1_kernelsynth_both,model,p32-s32,mean,0.08511997197012143,0.05952279211602888,0.10839760938755215,True
D1_kernelsynth_both,model,p32-s32,sd,0.22732553246248033,0.2614738772375998,0.2900809015806414,False
D1_kernelsynth_both,model,p32-s8,mean,0.07543220523002925,0.05280745664831668,0.09987742185401004,True
D1_kernelsynth_both,model,p32-s8,sd,0.21288044162449446,0.24877538720297077,0.2773230299117404,False
D1_kernelsynth_both,model,p8-s8,mean,-0.0035140881664380806,-0.029421932698411143,0.020973705278946906,True
D1_kernelsynth_both,model,p8-s8,sd,0.1672350059350391,0.2502730827869547,0.27703289289889277,False
D1_kernelsynth_both,grid_class,both,mean,-0.30671673766452834,-0.37701011072473306,-0.27443847882294625,True
D1_kernelsynth_both,grid_class,both,sd,0.42597528636576193,0.2384552844397719,0.2881888516058008,False
D1_kernelsynth_both,grid_class,neither,mean,0.05529584429956653,0.04844819452089013,0.06188529369477167,True
D1_kernelsynth_both,grid_class,neither,sd,0.2546265417424832,0.25850207678753157,0.2679867080640907,False
D1_kernelsynth_both,grid_class,patch,mean,0.03714029199601175,0.01135180434555681,0.09021340322865397,True
D1_kernelsynth_both,grid_class,patch,sd,0.28135111740676294,0.2406511192906949,0.2856211079112816,True
D1_kernelsynth_both,grid_class,stride,mean,-0.3489103348631146,-0.3696197570485433,-0.2530076083970927,True
D1_kernelsynth_both,grid_class,stride,sd,0.5430148521496752,0.23008323741087877,0.29735049425895677,False
D1_kernelsynth_both,P,8,mean,-0.0035140881664380806,-0.029421932698411143,0.020973705278946906,True
D1_kernelsynth_both,P,8,sd,0.1672350059350391,0.2502730827869547,0.27703289289889277,False
D1_kernelsynth_both,P,16,mean,0.004678268348461471,-0.011111420165564361,0.019013393546106393,True
D1_kernelsynth_both,P,16,sd,0.25212435096244284,0.2606037457173468,0.2769269831184581,False
D1_kernelsynth_both,P,24,mean,0.05160248636308076,0.040617244995811305,0.06251828685348827,True
D1_kernelsynth_both,P,24,sd,0.2806359106471049,0.2623911342237485,0.2764597832490697,False
D1_kernelsynth_both,P,32,mean,0.06791293390588723,0.05806988197518392,0.07898581576592423,True
D1_kernelsynth_both,P,32,sd,0.2797635482418267,0.2635850982915175,0.2760890241220781,False
D1_kernelsynth_both,S,8,mean,0.040113400136921405,0.027897253978992634,0.051962847124485526,True
D1_kernelsynth_both,S,8,sd,0.1929542349765692,0.2574609757131637,0.27256417213718703,False
D1_kernelsynth_both,S,12,mean,-0.003958296185882726,-0.018600651643636407,0.009908318473706794,True
D1_kernelsynth_both,S,12,sd,0.34087910514254793,0.25945292573548345,0.27675221761134555,False
D1_kernelsynth_both,S,16,mean,0.060900063297928686,0.048189752526945545,0.07508545950815144,True
D1_kernelsynth_both,S,16,sd,0.207472679380729,0.25946424713640387,0.27621177450291406,False
D1_kernelsynth_both,S,20,mean,0.08268391501286551,0.064426003939326,0.09997015971708205,True
D1_kernelsynth_both,S,20,sd,0.21918364221907002,0.26022929583874954,0.27913641412077994,False
D1_kernelsynth_both,S,24,mean,0.047122024124999155,0.02832054089868338,0.06525426911102063,True
D1_kernelsynth_both,S,24,sd,0.39098342741544095,0.26169346790494463,0.28269043795125326,False
D1_kernelsynth_both,S,32,mean,0.08511997197012143,0.05952279211602888,0.10839760938755215,True
D1_kernelsynth_both,S,32,sd,0.22732553246248033,0.2614738772375998,0.2900809015806414,False
D1_kernelsynth_both,global,all,q05,-0.29089872449370396,-0.4163342723774074,-0.3888786684618699,False
D1_kernelsynth_both,global,all,q50,-0.005276629461261576,0.04068914906130335,0.055160807173756245,False
D1_kernelsynth_both,global,all,q95,0.5148830854125683,0.47342931062240917,0.4959585044880015,False
D1_pure_both,model,p16-s12,mean,-0.2152449632091684,-0.2658651686524357,-0.16553216641337395,True
D1_pure_both,model,p16-s12,sd,0.7817093263642895,0.7788322975081461,0.8438957185588509,True
D1_pure_both,model,p16-s16,mean,-0.08430732908865585,-0.13863773039354985,-0.03148902385299416,True
D1_pure_both,model,p16-s16,sd,0.8695045282632556,0.8828339597117559,0.9492806782183771,False
D1_pure_both,model,p16-s8,mean,-0.016070868272677268,-0.06445008492887909,0.03166236169035053,True
D1_pure_both,model,p16-s8,sd,0.6381128707338868,0.6843865287502339,0.7476198355584983,False
D1_pure_both,model,p24-s12,mean,-0.1145432817424686,-0.16155834636937885,-0.063481542238079,True
D1_pure_both,model,p24-s12,sd,0.7916256409886431,0.788545294142413,0.8508971434922331,True
D1_pure_both,model,p24-s16,mean,0.05288080173135325,0.007955878339313086,0.10386620096650864,True
D1_pure_both,model,p24-s16,sd,0.9363902671661194,0.8751904758626574,0.9409126964101898,True
D1_pure_both,model,p24-s20,mean,-0.014923337110943157,-0.07103284155612816,0.031094503109048773,True
D1_pure_both,model,p24-s20,sd,1.003571184194828,0.9507390560132529,1.0184766907858513,True
D1_pure_both,model,p24-s24,mean,-0.05747279544965248,-0.10026803227441602,-0.013821408104541803,True
D1_pure_both,model,p24-s24,sd,1.098019325002404,1.0396177191424305,1.110322728171534,True
D1_pure_both,model,p24-s8,mean,0.01521654893449341,-0.03620975555525862,0.06305873504994475,True
D1_pure_both,model,p24-s8,sd,0.6917931328075597,0.6835609243990978,0.7472770227445019,True
D1_pure_both,model,p32-s12,mean,0.003528083434132224,-0.04307181603839566,0.04982536655530673,True
D1_pure_both,model,p32-s12,sd,0.832429853993662,0.7778800661088511,0.8462149003650076,True
D1_pure_both,model,p32-s16,mean,-0.0066033682859008,-0.053255354711587766,0.04398426269162369,True
D1_pure_both,model,p32-s16,sd,0.9185598357965729,0.8808886103061241,0.9491936508695993,True
D1_pure_both,model,p32-s20,mean,0.09635624088292438,0.04359133275652173,0.1453882867660451,True
D1_pure_both,model,p32-s20,sd,1.0729894285682868,0.9521664251188775,1.0186843285583036,False
D1_pure_both,model,p32-s24,mean,-0.10282727247058383,-0.15057712115152075,-0.05778398432089654,True
D1_pure_both,model,p32-s24,sd,1.0894164885480684,1.02494439962324,1.0957818577059701,True
D1_pure_both,model,p32-s32,mean,-0.09198036589592944,-0.14454626744644916,-0.04850442628210282,True
D1_pure_both,model,p32-s32,sd,1.2436132163572828,1.1755284451849077,1.2438675899225766,True
D1_pure_both,model,p32-s8,mean,0.05607464338285704,0.008078934928874005,0.10789660845595558,True
D1_pure_both,model,p32-s8,sd,0.7108081479971624,0.6814164494939114,0.7477646650384602,True
D1_pure_both,model,p8-s8,mean,-0.0838002126604748,-0.13074369601195138,-0.031840952748078376,True
D1_pure_both,model,p8-s8,sd,0.5692457270093038,0.6819617463036816,0.7427290714121041,False
D1_pure_both,grid_class,both,mean,-4.60517020833982,-4.737211186544598,-4.549417802244638,True
D1_pure_both,grid_class,both,sd,1.7881393432617188e-07,0.4622825899872515,0.56383601517746,False
D1_pure_both,grid_class,neither,mean,0.08634455616106211,0.0719611085864793,0.09788591918472103,True
D1_pure_both,grid_class,neither,sd,0.5200587628338011,0.5055058931900253,0.5251165760497932,True
D1_pure_both,grid_class,patch,mean,-0.0056036898106404534,-0.05438866568821651,0.09261263151158863,True
D1_pure_both,grid_class,patch,sd,0.5923490462150093,0.46986668064612747,0.5585302619044866,False
D1_pure_both,grid_class,stride,mean,-4.605170208339826,-4.631693452818384,-4.412676094753628,True
D1_pure_both,grid_class,stride,sd,2.457562461863554e-07,0.45205820116035556,0.5845727093877692,False
D1_pure_both,P,8,mean,-0.0838002126604748,-0.13074369601195138,-0.031840952748078376,True
D1_pure_both,P,8,sd,0.5692457270093038,0.6819617463036816,0.7427290714121041,False
D1_pure_both,P,16,mean,-0.10520772019016722,-0.13863401178611365,-0.07790819217473169,True
D1_pure_both,P,16,sd,0.7734739881341945,0.8024419323733789,0.8409824915687014,False
D1_pure_both,P,24,mean,-0.02376841272744349,-0.04607286626292501,-0.0032068587721681622,True
D1_pure_both,P,24,sd,0.9177937037563203,0.8960171798903613,0.9274132420355555,True
D1_pure_both,P,32,mean,-0.0075753398254167085,-0.028026024757103248,0.012980775158375498,True
D1_pure_both,P,32,sd,0.9964790307144933,0.9489997794685588,0.9821986655989946,False
D1_pure_both,S,8,mean,-0.007144972153950408,-0.03117159442253954,0.014453211296588615,True
D1_pure_both,S,8,sd,0.6567928041449023,0.6985169976875303,0.7329547901905714,False
D1_pure_both,S,12,mean,-0.10875338717250169,-0.1352117268827151,-0.0784490835836122,True
D1_pure_both,S,12,sd,0.8071887832684069,0.8002886983460717,0.8398966098316368,True
D1_pure_both,S,16,mean,-0.012676631881067749,-0.04053383981306362,0.019105496503053234,True
D1_pure_both,S,16,sd,0.9103264336612739,0.8938620121471544,0.9336546091473247,True
D1_pure_both,S,20,mean,0.04071645188599056,0.0034931392023528716,0.07410152695338723,True
D1_pure_both,S,20,sd,1.040349222089572,0.9626889009586778,1.0105753764885572,False
D1_pure_both,S,24,mean,-0.08015003396011822,-0.1118943509827693,-0.048654836986031326,True
D1_pure_both,S,24,sd,1.0939614339390713,1.0417097305790006,1.0965582763167714,True
D1_pure_both,S,32,mean,-0.09198036589592944,-0.14454626744644916,-0.04850442628210282,True
D1_pure_both,S,32,sd,1.2436132163572828,1.1755284451849077,1.2438675899225766,True
D1_pure_both,global,all,q05,-0.6867851160045598,-0.958791710821375,-0.8993293441526379,False
D1_pure_both,global,all,q50,-0.013853038663132118,0.05108596192328355,0.08126846443537056,False
D1_pure_both,global,all,q95,1.0119837049167344,0.9015236369788583,0.9486201970891597,False
D1_tsmixup_both,model,p16-s12,mean,-0.05732817724020048,-0.08082064423379032,-0.033526251773609864,True
D1_tsmixup_both,model,p16-s12,sd,0.21640721454887424,0.22528477446148185,0.2460418516266913,False
D1_tsmixup_both,model,p16-s16,mean,-0.024353469635854268,-0.04699572728469988,0.002645120483732569,True
D1_tsmixup_both,model,p16-s16,sd,0.22084198478288528,0.22506741721804555,0.25078144854036055,False
D1_tsmixup_both,model,p16-s8,mean,-0.008819135548489454,-0.03561248558001898,0.012236989395157495,True
D1_tsmixup_both,model,p16-s8,sd,0.19557163633091915,0.224475338275046,0.2463974149312023,False
D1_tsmixup_both,model,p24-s12,mean,-0.031406114548098475,-0.053591965003554516,-0.005579733276567767,True
D1_tsmixup_both,model,p24-s12,sd,0.22152156465851924,0.22413188108456938,0.24883690656381527,False
D1_tsmixup_both,model,p24-s16,mean,0.034680844377109075,0.013147598442865466,0.057308590878525106,True
D1_tsmixup_both,model,p24-s16,sd,0.2481464602442072,0.2253530494507697,0.24827555773667445,True
D1_tsmixup_both,model,p24-s20,mean,0.050845759670972684,0.030546191604815785,0.07270456632525109,True
D1_tsmixup_both,model,p24-s20,sd,0.24673540483429668,0.2261885508330158,0.25011988145743663,True
D1_tsmixup_both,model,p24-s24,mean,0.01586814880798627,-0.0077819684118626805,0.035779516573615236,True
D1_tsmixup_both,model,p24-s24,sd,0.2505886548043477,0.22787770027138482,0.2517758000006074,True
D1_tsmixup_both,model,p24-s8,mean,0.012514296049087456,-0.009971822858501773,0.03548836234093098,True
D1_tsmixup_both,model,p24-s8,sd,0.23111271393338192,0.22300578235503238,0.2477323461611562,True
D1_tsmixup_both,model,p32-s12,mean,0.008807859407632122,-0.012885335201086324,0.03096034845337077,True
D1_tsmixup_both,model,p32-s12,sd,0.2449338528246398,0.22295102195908917,0.24763272676024672,True
D1_tsmixup_both,model,p32-s16,mean,0.03645383075042833,0.013906687490270905,0.06050055001201087,True
D1_tsmixup_both,model,p32-s16,sd,0.23917899272768006,0.2265209411653348,0.24910160211431825,True
D1_tsmixup_both,model,p32-s20,mean,0.0826325951661974,0.06295833074853953,0.10665906412781233,True
D1_tsmixup_both,model,p32-s20,sd,0.29679613281054146,0.22615631290431248,0.24982432325472329,False
D1_tsmixup_both,model,p32-s24,mean,0.012168603675158483,-0.008634524213375334,0.03296316643941332,True
D1_tsmixup_both,model,p32-s24,sd,0.2538446260745359,0.22728013397058672,0.2513638428544433,False
D1_tsmixup_both,model,p32-s32,mean,0.07823547526365435,0.05456665835445675,0.10071841379730152,True
D1_tsmixup_both,model,p32-s32,sd,0.2739517183534804,0.2292096997062988,0.25501794477417716,False
D1_tsmixup_both,model,p32-s8,mean,0.037065308221552455,0.0131273542718752,0.061822838542649076,True
D1_tsmixup_both,model,p32-s8,sd,0.23501282656959818,0.2223064819556709,0.24624087185551297,True
D1_tsmixup_both,model,p8-s8,mean,-0.035429858687382146,-0.057413590960598025,-0.013408603983046465,True
D1_tsmixup_both,model,p8-s8,sd,0.14749042333570817,0.2233288183454679,0.24660688589272653,False
D1_tsmixup_both,grid_class,both,mean,-0.2378531050775232,-0.2917052371691616,-0.19998354550738462,True
D1_tsmixup_both,grid_class,both,sd,0.14416025311032976,0.2162470547702962,0.2606200296627533,False
D1_tsmixup_both,grid_class,neither,mean,0.02117930045346004,0.015255014902652032,0.02759618399406452,True
D1_tsmixup_both,grid_class,neither,sd,0.23811206534263182,0.23266671130124425,0.24096017214893228,True
D1_tsmixup_both,grid_class,patch,mean,0.00840262401873593,-0.020575275245954972,0.050296041733812094,True
D1_tsmixup_both,grid_class,patch,sd,0.2551135496412182,0.21582812417209443,0.2568090705023068,True
D1_tsmixup_both,grid_class,stride,mean,-0.2389955944687976,-0.26976026608994497,-0.16877802042175527,True
D1_tsmixup_both,grid_class,stride,sd,0.17666756819595458,0.20641829630423258,0.2665164744079213,False
D1_tsmixup_both,P,8,mean,-0.035429858687382146,-0.057413590960598025,-0.013408603983046465,True
D1_tsmixup_both,P,8,sd,0.14749042333570817,0.2233288183454679,0.24660688589272653,False
D1_tsmixup_both,P,16,mean,-0.030166927474848098,-0.0440969692554277,-0.01647088034574289,True
D1_tsmixup_both,P,16,sd,0.21219392678223423,0.22995421992919854,0.24362858847131605,False
D1_tsmixup_both,P,24,mean,0.016500586871411434,0.006311611325632782,0.027939128451447363,True
D1_tsmixup_both,P,24,sd,0.2414771396999997,0.23256906526618376,0.24518253655996838,True
D1_tsmixup_both,P,32,mean,0.0425606120807705,0.03239536682132683,0.05278127042309602,True
D1_tsmixup_both,P,32,sd,0.25981200492638223,0.2341576170409729,0.24513210284109455,False
D1_tsmixup_both,S,8,mean,0.0013326525086920686,-0.010905806145142758,0.012802164622362316,True
D1_tsmixup_both,S,8,sd,0.20706411928044333,0.23006866413768087,0.24298732094223152,False
D1_tsmixup_both,S,12,mean,-0.026642144126888954,-0.03972082283560412,-0.013177779442864003,True
D1_tsmixup_both,S,12,sd,0.22957751717018968,0.23022059537542103,0.2455729439756321,False
D1_tsmixup_both,S,16,mean,0.015593735163894376,0.004251040339587335,0.02811754295438786,True
D1_tsmixup_both,S,16,sd,0.23801237995400668,0.23185319155171988,0.24677677085054392,True
D1_tsmixup_both,S,20,mean,0.06673917741858505,0.05294910288790977,0.08381143659278036,True
D1_tsmixup_both,S,20,sd,0.273378406156592,0.2304440850980769,0.2474087613156592,False
D1_tsmixup_both,S,24,mean,0.014018376241572364,-0.00031381466191469654,0.02810055644846986,True
D1_tsmixup_both,S,24,sd,0.25222867741463134,0.2307260302598047,0.24834479179161223,False
D1_tsmixup_both,S,32,mean,0.07823547526365435,0.05456665835445675,0.10071841379730152,True
D1_tsmixup_both,S,32,sd,0.2739517183534804,0.2292096997062988,0.25501794477417716,False
D1_tsmixup_both,global,all,q05,-0.3556325970375097,-0.39341399186378434,-0.37167281110643713,False
D1_tsmixup_both,global,all,q50,-0.007572040309316607,0.008996997327157545,0.022140210053399067,False
D1_tsmixup_both,global,all,q95,0.45884940594847623,0.3977821711618037,0.4191880627304092,False
D2_stride_f1,model,p16-s12,mean,42.722222499999994,41.632003735561014,43.58633356839212,True
D2_stride_f1,model,p16-s12,sd,0.12422587452471018,0.4158790114716166,1.4381293553994687,False
D2_stride_f1,model,p24-s16,mean,32.0,31.02867790752896,32.9339296612931,True
D2_stride_f1,model,p24-s16,sd,0.0,0.41783465515584917,1.4540708682217744,False
D2_stride_f1,model,p24-s20,mean,25.599999999999998,24.753674130811632,26.491843286424157,True
D2_stride_f1,model,p24-s20,sd,4.76837158203125e-07,0.3749911279423034,1.5222418278120682,False
D2_stride_f1,model,p32-s12,mean,42.666667,41.63140353395567,43.552268509572116,True
D2_stride_f1,model,p32-s12,sd,4.76837158203125e-07,0.3812807503829417,1.4656150971815165,False
D2_stride_f1,model,p32-s20,mean,25.6,24.74753511418681,26.477182748815387,True
D2_stride_f1,model,p32-s20,sd,0.0,0.30235391507531056,1.6114420586656386,False
D2_stride_f1,model,p32-s24,mean,21.277777499999996,20.53176059720514,22.12574101799178,True
D2_stride_f1,model,p32-s24,sd,0.12422587452471018,0.33161367993146906,1.5800050532203926,False
D2_stride_f1,mode,kernelsynth,mean,31.333333375000002,30.666415941349864,31.852235514647298,True
D2_stride_f1,mode,kernelsynth,sd,8.375394017265366,7.893529335310795,8.836261938251926,True
D2_stride_f1,mode,tsmixup,mean,31.644444500000013,31.04900480534572,32.22098100954507,True
D2_stride_f1,mode,tsmixup,sd,8.39141263817939,7.971205883901637,8.918595275225753,True
D2_stride_f1,global,all,q05,21.333333,20.032197456429266,21.914967005366968,True
D2_stride_f1,global,all,q50,28.8,28.07196942107359,29.914278290851314,True
D2_stride_f1,global,all,q95,42.666667,42.56878154501329,44.41534244836309,True
D2_patch_f1,model,p24-s12,mean,234.666667,12.046190713943334,156.8198412971861,False
D2_patch_f1,model,p32-s20,mean,17.0,1.3626779845541048,136.71598967016988,True
D2_patch_f1,model,p32-s24,mean,224.0,5.996428591925784,132.9989196299883,False
D2_patch_f1,mode,kernelsynth,mean,158.55555566666666,31.643787475048995,125.05808240732428,False
D2_patch_f1,mode,kernelsynth,sd,100.18957348046516,4.7353685760643485,57.59724655110797,False
D2_patch_f1,global,all,q05,37.7,-3.444275466644335,101.6985666013069,True
D2_patch_f1,global,all,q50,224.0,18.619969137926994,129.89429651969527,False
D2_patch_f1,global,all,q95,233.60000029999998,50.79850949312812,156.93192443307638,False
