claim,fit,rung_fit,factor,p_support,p_refute,decision,converged,max_rhat,min_ess,divergences
H1_behavioural,A_both,05_sens_A_both_f0p5,0.5,0.0,1.0,REFUTED,True,1.0036229654658957,4195.468639305139,0
H1_behavioural,A_both,A_both,1.0,0.0,1.0,REFUTED,True,1.0036402948101193,4637.178643375156,0
H1_behavioural,A_both,05_sens_A_both_f2,2.0,0.0,1.0,REFUTED,True,1.0024194765332863,4696.933774446906,0
M1,A_both,05_sens_A_both_f0p5,0.5,0.05625,0.94375,INCONCLUSIVE,True,1.0036229654658957,4195.468639305139,0
M1,A_both,A_both,1.0,0.0525,0.9475,INCONCLUSIVE,True,1.0036402948101193,4637.178643375156,0
M1,A_both,05_sens_A_both_f2,2.0,0.060375,0.939625,INCONCLUSIVE,True,1.0024194765332863,4696.933774446906,0
H1_representational,B_adjusted,05_sens_B_adjusted_f0p5,0.5,0.0,1.0,REFUTED,True,1.0016994531387022,2565.784907362695,0
H1_representational,B_adjusted,B_adjusted,1.0,0.0,1.0,REFUTED,True,1.0025700808141405,2724.4536741586744,0
H1_representational,B_adjusted,05_sens_B_adjusted_f2,2.0,0.0,1.0,REFUTED,True,1.0014513476879041,3022.2444058719925,0
H2,C_phase,05_sens_C_phase_f0p5,0.5,1.0,0.0,SUPPORTED,True,1.0029630869199213,2852.509594533885,0
H2,C_phase,C_phase,1.0,1.0,0.0,SUPPORTED,True,1.0036143284392403,2456.5752523053675,0
H2,C_phase,05_sens_C_phase_f2,2.0,1.0,0.0,SUPPORTED,True,1.0025660467395967,2752.8826757506235,0
H3_location:tsmixup,D1_tsmixup_both,05_sens_D1_tsmixup_both_f0p5,0.5,0.918875,1.0,REFUTED,True,1.001777122285924,5423.585645202243,0
H3_location:tsmixup,D1_tsmixup_both,D1_tsmixup_both,1.0,0.91725,1.0,REFUTED,True,1.0013199173053262,5277.040179178844,0
H3_location:tsmixup,D1_tsmixup_both,05_sens_D1_tsmixup_both_f2,2.0,0.924625,1.0,REFUTED,True,1.0022444319198653,5455.156467223127,0
H3_location:kernelsynth,D1_kernelsynth_both,05_sens_D1_kernelsynth_both_f0p5,0.5,0.846625,1.0,REFUTED,True,1.001420284573465,5515.839967613193,0
H3_location:kernelsynth,D1_kernelsynth_both,D1_kernelsynth_both,1.0,0.8405,1.0,REFUTED,True,1.0022403251902636,5460.156207993947,0
H3_location:kernelsynth,D1_kernelsynth_both,05_sens_D1_kernelsynth_both_f2,2.0,0.84325,1.0,REFUTED,True,1.0014500317825255,5191.606427492649,0
H3a,D2_stride_f1,05_sens_D2_stride_f1_f0p5,0.5,1.0,0.0,SUPPORTED,True,1.001816758687209,1982.8858098875446,0
H3a,D2_stride_f1,D2_stride_f1,1.0,1.0,0.0,SUPPORTED,True,1.0028632960455333,1751.4420283910956,0
H3a,D2_stride_f1,05_sens_D2_stride_f1_f2,2.0,1.0,0.0,SUPPORTED,True,1.0008638709604238,1902.5347926022807,0
H3b,D2_patch_f1,05_sens_D2_patch_f1_f0p5,0.5,0.001125,0.998875,REFUTED,True,1.0010827043583999,3768.8670735225423,0
H3b,D2_patch_f1,D2_patch_f1,1.0,0.000125,0.999875,REFUTED,True,1.0018970454531535,3214.1473480473487,0
H3b,D2_patch_f1,05_sens_D2_patch_f1_f2,2.0,0.0,1.0,REFUTED,True,1.0010045527109026,4338.505610680995,0
H1_behavioural,A_gaussian_likelihood,05_A_gaussian,,0.0,1.0,REFUTED,True,1.0030346203683624,4420.252911774915,0
M1,A_gaussian_likelihood,05_A_gaussian,,0.179375,0.8206249999999999,INCONCLUSIVE,True,1.0030346203683624,4420.252911774915,0
