figure,kilobytes
P1_prior_H3.png,57.2
P1_prior_codelength.png,51.4
P1_prior_contrast.png,65.1
P1_prior_phase.png,130.8
P2_raw_collapse.png,105.0
P2_raw_contrast.png,193.0
P2_recovery_denominator.png,110.5
P3_likelihood.png,78.7
P3_profile.png,36.9
P3_recovery.png,168.7
P4_A.png,101.2
P4_B.png,55.6
P4_C.png,47.1
P4_D1.png,120.0
P4_D2.png,78.9
P5_convergence.png,80.6
P5_loo.png,94.6
P5_ppc.png,146.1
P5_sensitivity.png,50.0
P6_dashboard.png,94.0
P6_estimands.png,126.6
P6_pairs.png,423.2
P6_pareto_k.png,459.9
P6_prior_posterior.png,88.6
P6_timings.png,51.6
P6_trace_A_both.png,454.0
P6_trace_B_adjusted.png,259.7
P6_trace_C_phase.png,222.4
P6_trace_D1_kernelsynth_both.png,251.5
P6_trace_D1_tsmixup_both.png,243.4
P6_trace_D2_patch_f1.png,271.6
P6_trace_D2_stride_f1.png,264.7
