fit,parameter,prior_sd,posterior_sd,sd_ratio
A_both,beta_bar,0.7063720045209451,0.03722437199302931,0.052697971826154884
A_both,delta_O,0.6994798787368999,0.07918986376935956,0.11321249713767075
A_both,delta_P,0.6928666831806561,0.10450905334731582,0.15083573201638045
A_both,tau,0.5008110409002318,0.03194805443062192,0.0637926319938829
B_adjusted,theta_lock,0.49942634101192634,0.00775194940970535,0.015521707153047886
C_phase,sigma_phase,0.15191303262427358,0.0029127445932800467,0.019173763718377847
D2_stride_f1,kappa,0.9981249238214541,0.005444854477128425,0.005455083173639303
D2_patch_f1,kappa,1.0009940441380265,0.8204994139510741,0.8196846112682123
D1_tsmixup_both,theta_S,1.0016133479487066,0.01568903495998669,0.015663763858696236
D1_tsmixup_both,theta_P,1.0025182033571385,0.012190344422518123,0.012159723765310443
D1_kernelsynth_both,theta_S,0.9982519808135133,0.017337938760252462,0.01736829887993122
D1_kernelsynth_both,theta_P,0.9995089726437473,0.01353258360935605,0.013539231742524275
