fit,family,role,observations,max_rhat,min_ess,divergences,convergence,recovery,ppc,loo_reliable
A_both,A,verdict of H1_behavioural; verdict of M1; LOO M1 (reference); LOO M1_fourway (reference),371000.0,1.0036402948101193,4637.178643375156,0,pass,FAIL,FAIL,pass
A_overlap,A,LOO M1_fourway,371000.0,1.0028434635572503,4599.9494084198495,0,pass,FAIL,n/a,pass
A_patch,A,verdict of M1; LOO M1; LOO M1_fourway,371000.0,1.0030141089947486,4489.953789645572,0,pass,FAIL,n/a,pass
A_none,A,LOO M1_fourway,371000.0,1.0031775607518936,4583.349986343031,0,pass,FAIL,n/a,pass
A_net_both,A,net reading of H1_behavioural and M1,371000.0,1.0036026209713425,4751.964337969507,0,pass,FAIL,n/a,n/a
B_adjusted,B,verdict of H1_representational; LOO B_blocking (reference),5830.0,1.0025700808141405,2724.4536741586744,0,pass,FAIL,FAIL,pass
B_unadjusted,B,LOO B_blocking,5830.0,1.000933044861824,4889.7732762199785,0,pass,FAIL,n/a,pass
C_phase,C,verdict of H2; LOO H2 (reference),371000.0,1.0036143284392403,2456.5752523053675,0,pass,FAIL,FAIL,pass
C_nophase,C,LOO H2,371000.0,1.0038093861589996,4401.726766213726,0,pass,FAIL,n/a,pass
D1_kernelsynth_both,D1,verdict of H3_location; LOO H3_location:kernelsynth (reference),11925.0,1.0022403251902636,5460.156207993947,0,pass,pass,FAIL,pass
D1_kernelsynth_stride,D1,verdict of H3_location; LOO H3_location:kernelsynth,11925.0,1.001968473780929,5319.579901811972,0,pass,pass,n/a,pass
D1_kernelsynth_patch,D1,verdict of H3_location; LOO H3_location:kernelsynth,11925.0,1.0017402981058712,5164.741378840757,0,pass,pass,n/a,pass
D1_kernelsynth_none,D1,verdict of H3_location; LOO H3_location:kernelsynth,11925.0,1.001602565329528,4934.977618294369,0,pass,pass,n/a,pass
D1_pure_both,D1,LOO H3_location:pure (reference),11925.0,1.0013503318318613,5000.005501848818,0,pass,pass,FAIL,pass
D1_pure_stride,D1,LOO H3_location:pure,11925.0,1.001561492130369,5401.708140345601,0,pass,pass,n/a,pass
D1_pure_patch,D1,LOO H3_location:pure,11925.0,1.0016985317019502,5233.779140274,0,pass,pass,n/a,pass
D1_pure_none,D1,LOO H3_location:pure,11925.0,1.003171743622705,5336.565427369677,0,pass,pass,n/a,pass
D1_tsmixup_both,D1,verdict of H3_location; LOO H3_location:tsmixup (reference),11925.0,1.0013199173053262,5277.040179178844,0,pass,pass,FAIL,pass
D1_tsmixup_stride,D1,verdict of H3_location; LOO H3_location:tsmixup,11925.0,1.0014748315821917,5276.517605221857,0,pass,pass,n/a,pass
D1_tsmixup_patch,D1,verdict of H3_location; LOO H3_location:tsmixup,11925.0,1.002206137319507,5308.825323727725,0,pass,pass,n/a,pass
D1_tsmixup_none,D1,verdict of H3_location; LOO H3_location:tsmixup,11925.0,1.0010796736043752,5360.866721228206,0,pass,pass,n/a,pass
D1_tsmixup_both_alt,D1,alternative grid tolerance (robustness),11925.0,1.0020352526146084,5260.7894980403225,0,pass,pass,n/a,n/a
D1_kernelsynth_both_alt,D1,alternative grid tolerance (robustness),11925.0,1.0014209132145664,5162.006096370325,0,pass,pass,n/a,n/a
D2_stride_f1,D2,verdict of H3a,34.0,1.0028632960455333,1751.4420283910956,0,pass,pass,FAIL,n/a
D2_stride_delta_hat,D2,description,21.0,1.0003982543386551,4964.547356964907,0,pass,n/a,n/a,n/a
D2_patch_f1,D2,verdict of H3b,3.0,1.0018970454531535,3214.1473480473487,0,pass,FAIL,FAIL,n/a
05_sens_A_both_f0p5,A,sensitivity rung x0.5 of H1_behavioural,,1.0036229654658957,4195.468639305139,0,pass,n/a,n/a,n/a
05_sens_A_both_f2,A,sensitivity rung x2 of H1_behavioural,,1.0024194765332863,4696.933774446906,0,pass,n/a,n/a,n/a
05_sens_A_both_f0p5,A,sensitivity rung x0.5 of M1,,1.0036229654658957,4195.468639305139,0,pass,n/a,n/a,n/a
05_sens_A_both_f2,A,sensitivity rung x2 of M1,,1.0024194765332863,4696.933774446906,0,pass,n/a,n/a,n/a
05_sens_B_adjusted_f0p5,B,sensitivity rung x0.5 of H1_representational,,1.0016994531387022,2565.784907362695,0,pass,n/a,n/a,n/a
05_sens_B_adjusted_f2,B,sensitivity rung x2 of H1_representational,,1.0014513476879041,3022.2444058719925,0,pass,n/a,n/a,n/a
05_sens_C_phase_f0p5,C,sensitivity rung x0.5 of H2,,1.0029630869199213,2852.509594533885,0,pass,n/a,n/a,n/a
05_sens_C_phase_f2,C,sensitivity rung x2 of H2,,1.0025660467395967,2752.8826757506235,0,pass,n/a,n/a,n/a
05_sens_D1_tsmixup_both_f0p5,D1,sensitivity rung x0.5 of H3_location:tsmixup,,1.001777122285924,5423.585645202243,0,pass,n/a,n/a,n/a
05_sens_D1_tsmixup_both_f2,D1,sensitivity rung x2 of H3_location:tsmixup,,1.0022444319198653,5455.156467223127,0,pass,n/a,n/a,n/a
05_sens_D1_kernelsynth_both_f0p5,D1,sensitivity rung x0.5 of H3_location:kernelsynth,,1.001420284573465,5515.839967613193,0,pass,n/a,n/a,n/a
05_sens_D1_kernelsynth_both_f2,D1,sensitivity rung x2 of H3_location:kernelsynth,,1.0014500317825255,5191.606427492649,0,pass,n/a,n/a,n/a
05_sens_D2_stride_f1_f0p5,D2,sensitivity rung x0.5 of H3a,,1.001816758687209,1982.8858098875446,0,pass,n/a,n/a,n/a
05_sens_D2_stride_f1_f2,D2,sensitivity rung x2 of H3a,,1.0008638709604238,1902.5347926022807,0,pass,n/a,n/a,n/a
05_sens_D2_patch_f1_f0p5,D2,sensitivity rung x0.5 of H3b,,1.0010827043583999,3768.8670735225423,0,pass,n/a,n/a,n/a
05_sens_D2_patch_f1_f2,D2,sensitivity rung x2 of H3b,,1.0010045527109026,4338.505610680995,0,pass,n/a,n/a,n/a
05_A_gaussian,A,Gaussian-likelihood robustness of H1_behavioural,,1.0030346203683624,4420.252911774915,0,pass,n/a,n/a,n/a
05_A_gaussian,A,Gaussian-likelihood robustness of M1,,1.0030346203683624,4420.252911774915,0,pass,n/a,n/a,n/a
