claim,fit,parameter,prior_median,prior_low,prior_high,posterior_median,posterior_low,posterior_high,sd_ratio,prior_p_support,posterior_p_support,prior_p_equivalence,posterior_p_equivalence,prior_p_refute,posterior_p_refute,post_gate
H1_behavioural,A_both,beta_bar,3.5307555971569593e-17,-1.3882225525988998,1.3882225525988994,0.299628687076626,0.22584997399939508,0.3737247287621023,0.05233797361354717,0.339835,0.0,0.14075,0.0,0.660165,1.0,NOT REPORTABLE
M1,A_both,delta_O,3.5307555971569593e-17,-1.3882225525988998,1.3882225525988994,-0.12571859134465513,-0.28500132968653147,0.03164344127726833,0.11204286391626175,0.499615,0.0525,0.14402,0.337375,0.5003850000000001,0.9475,NOT REPORTABLE
H1_representational,B_adjusted,theta_lock,0.0,-0.9799819922700272,0.979981992270027,0.05740937435880898,0.04236644476149753,0.07269526798458194,0.015544374121264961,0.357865,0.0,0.150805,1.0,0.642135,1.0,NOT REPORTABLE
H2,C_phase,sigma_phase,0.16862243754902043,0.00783449550535662,0.5603506819012367,0.006160235502129853,0.003008353975498197,0.014273452773182201,0.019351382761965394,0.294495,1.0,,,0.705505,0.0,NOT REPORTABLE
H3_location,D1_tsmixup_both,theta_S,0.0,-1.9599639845400545,1.959963984540054,-0.2618423894134606,-0.2923756336010899,-0.2307678165094152,0.015692722446342757,0.49859,1.0,0.07596,0.0,0.50141,0.0,NOT REPORTABLE
H3_location,D1_tsmixup_both,theta_P,0.0,-1.9599639845400545,1.959963984540054,-0.01707128754215633,-0.040744573417316875,0.006777904283928226,0.012165889140092817,0.501315,0.91725,0.076525,1.0,0.49868500000000004,1.0,NOT REPORTABLE
H3_location,D1_kernelsynth_both,theta_S,0.0,-1.9599639845400545,1.959963984540054,-0.37908767773728846,-0.4131649513872797,-0.34455918220035964,0.017342013798187162,0.49859,1.0,0.07596,0.0,0.50141,0.0,NOT REPORTABLE
H3_location,D1_kernelsynth_both,theta_P,0.0,-1.9599639845400545,1.959963984540054,-0.013540648559072964,-0.040018416942286784,0.013187170516273782,0.01350543563530049,0.501315,0.8405,0.076525,1.0,0.49868500000000004,1.0,NOT REPORTABLE
H3a,D2_stride_f1,kappa,0.0,-1.9599639845400545,1.959963984540054,1.0001343959803997,0.9895860893175057,1.0109978154346047,0.005440572995059766,0.048565,1.0,,,0.951435,0.0,NOT REPORTABLE
H3b,D2_patch_f1,kappa,0.0,-1.9599639845400545,1.959963984540054,4.396116901192812,2.7814437035428825,5.962519041167244,0.8198542261792184,0.048565,0.000125,,,0.951435,0.999875,NOT IDENTIFIED
