model,P,S,overlap,x_overlap,x_logP,beta_median,beta_low,beta_high
p8-s8,8,8,0.0,-0.6555555555555554,-1.0593512767826492,0.44242633710171153,0.4254108877426384,0.46035802321763203
p16-s8,16,8,0.5,0.34444444444444455,-0.3662040962227038,0.4955052491843651,0.4865706619485075,0.5045644594523047
p16-s12,16,12,0.25,-0.15555555555555545,-0.3662040962227038,0.2643129359277698,0.25676394068693453,0.2716732460229824
p16-s16,16,16,0.0,-0.6555555555555554,-0.3662040962227038,0.4514022994717188,0.44268013329106687,0.46015339098657293
p24-s8,24,8,0.6666666666666666,0.6777777777777778,0.03926101188546083,-0.07528179514610978,-0.08395446255004872,-0.06689884040015003
p24-s12,24,12,0.5,0.34444444444444455,0.03926101188546083,0.20042981582107555,0.19240344271817933,0.20822558421456644
p24-s16,24,16,0.3333333333333333,0.011111111111111183,0.03926101188546083,0.3429579054876394,0.33690213744253034,0.34916726152484406
p24-s20,24,20,0.16666666666666666,-0.32222222222222213,0.03926101188546083,0.2942430371956778,0.2888883710324011,0.2995745284554803
p24-s24,24,24,0.0,-0.6555555555555554,0.03926101188546083,0.25410036901620514,0.24668428027775077,0.2617268070163655
p32-s8,32,8,0.75,0.8444444444444446,0.3269430843372416,0.14785075419652222,0.14047638694499343,0.15558439318157882
p32-s12,32,12,0.625,0.5944444444444446,0.3269430843372416,0.27296887630874106,0.2669404381128383,0.2789232780613952
p32-s16,32,16,0.5,0.34444444444444455,0.3269430843372416,0.385310732162367,0.37904138548507404,0.391483731337528
p32-s20,32,20,0.375,0.09444444444444455,0.3269430843372416,0.3126900079228566,0.30829251093450044,0.3171148800545967
p32-s24,32,24,0.25,-0.15555555555555545,0.3269430843372416,0.35641764442828655,0.351552382829874,0.3614859836084586
p32-s32,32,32,0.0,-0.6555555555555554,0.3269430843372416,0.36836086735497253,0.3617458863509228,0.3751983475850641
