variable,mean,sd,hdi_2.5%,hdi_97.5%,mcse_mean,mcse_sd,ess_bulk,ess_tail,r_hat
beta[p8-s8],0.442,0.009,0.425,0.46,0.0,0.0,14633.0,6114.0,1.0
beta[p16-s8],0.496,0.005,0.486,0.505,0.0,0.0,13844.0,6280.0,1.0
beta[p16-s12],0.264,0.004,0.257,0.271,0.0,0.0,12839.0,5985.0,1.0
beta[p16-s16],0.451,0.005,0.442,0.46,0.0,0.0,13084.0,6379.0,1.0
beta[p24-s8],-0.075,0.004,-0.084,-0.067,0.0,0.0,11113.0,5950.0,1.0
beta[p24-s12],0.2,0.004,0.193,0.208,0.0,0.0,11082.0,6249.0,1.0
beta[p24-s16],0.343,0.003,0.337,0.349,0.0,0.0,10867.0,6568.0,1.0
beta[p24-s20],0.294,0.003,0.289,0.3,0.0,0.0,11655.0,6123.0,1.0
beta[p24-s24],0.254,0.004,0.246,0.261,0.0,0.0,10338.0,6575.0,1.0
beta[p32-s8],0.148,0.004,0.14,0.155,0.0,0.0,11863.0,5899.0,1.0
beta[p32-s12],0.273,0.003,0.267,0.279,0.0,0.0,12181.0,6571.0,1.0
beta[p32-s16],0.385,0.003,0.379,0.392,0.0,0.0,10814.0,6330.0,1.0
beta[p32-s20],0.313,0.002,0.308,0.317,0.0,0.0,13618.0,6375.0,1.0
beta[p32-s24],0.356,0.002,0.351,0.361,0.0,0.0,13435.0,6817.0,1.0
beta[p32-s32],0.368,0.004,0.362,0.376,0.0,0.0,11613.0,5862.0,1.0
beta_bar,0.299,0.041,0.213,0.374,0.0,0.001,13364.0,5244.0,1.0
recovery_ratio,1.349,0.055,1.237,1.454,0.0,0.001,13364.0,5244.0,1.0
sigma,0.424,0.001,0.422,0.425,0.0,0.0,15241.0,6049.0,1.0
sigma_bg,0.049,0.003,0.044,0.055,0.0,0.0,13002.0,6294.0,1.0
sigma_harm,1.157,0.15,0.882,1.449,0.001,0.002,16658.0,5701.0,1.0
tau,0.153,0.032,0.099,0.215,0.0,0.0,14464.0,5816.0,1.0
"u_bg[('kernelsynth', 0)]",0.016,0.012,-0.008,0.038,0.0,0.0,19628.0,5403.0,1.0
"u_bg[('kernelsynth', 1)]",0.001,0.012,-0.021,0.024,0.0,0.0,20925.0,5797.0,1.0
"u_bg[('kernelsynth', 2)]",-0.092,0.012,-0.115,-0.069,0.0,0.0,16908.0,5924.0,1.0
"u_bg[('kernelsynth', 3)]",0.004,0.011,-0.018,0.024,0.0,0.0,22573.0,5922.0,1.0
"u_bg[('kernelsynth', 4)]",-0.021,0.011,-0.041,0.001,0.0,0.0,17475.0,5676.0,1.0
"u_bg[('kernelsynth', 5)]",0.015,0.011,-0.006,0.036,0.0,0.0,21009.0,4868.0,1.0
"u_bg[('kernelsynth', 6)]",-0.006,0.011,-0.027,0.015,0.0,0.0,21738.0,6105.0,1.0
"u_bg[('kernelsynth', 7)]",0.021,0.011,-0.0,0.043,0.0,0.0,22023.0,5338.0,1.0
"u_bg[('kernelsynth', 8)]",-0.002,0.011,-0.024,0.018,0.0,0.0,15349.0,5707.0,1.0
"u_bg[('kernelsynth', 9)]",-0.061,0.011,-0.083,-0.038,0.0,0.0,18262.0,5614.0,1.0
"u_bg[('kernelsynth', 10)]",-0.004,0.011,-0.025,0.017,0.0,0.0,19017.0,5487.0,1.0
"u_bg[('kernelsynth', 11)]",0.062,0.011,0.041,0.084,0.0,0.0,20654.0,4796.0,1.0
"u_bg[('kernelsynth', 12)]",0.004,0.011,-0.016,0.025,0.0,0.0,19475.0,5458.0,1.0
"u_bg[('kernelsynth', 13)]",-0.202,0.014,-0.229,-0.175,0.0,0.0,18760.0,5730.0,1.0
"u_bg[('kernelsynth', 14)]",-0.007,0.011,-0.028,0.013,0.0,0.0,18864.0,5423.0,1.0
"u_bg[('kernelsynth', 15)]",-0.07,0.011,-0.092,-0.048,0.0,0.0,19618.0,5598.0,1.0
"u_bg[('kernelsynth', 16)]",0.034,0.011,0.011,0.056,0.0,0.0,19242.0,5720.0,1.0
"u_bg[('kernelsynth', 17)]",0.018,0.011,-0.003,0.039,0.0,0.0,18568.0,5945.0,1.0
"u_bg[('kernelsynth', 18)]",0.018,0.011,-0.004,0.039,0.0,0.0,19049.0,5343.0,1.0
"u_bg[('kernelsynth', 19)]",-0.017,0.011,-0.037,0.004,0.0,0.0,19787.0,6020.0,1.0
"u_bg[('kernelsynth', 20)]",0.046,0.011,0.025,0.069,0.0,0.0,18298.0,5551.0,1.0
"u_bg[('kernelsynth', 21)]",0.007,0.011,-0.015,0.028,0.0,0.0,18984.0,5095.0,1.0
"u_bg[('kernelsynth', 22)]",0.054,0.011,0.032,0.077,0.0,0.0,17360.0,6079.0,1.0
"u_bg[('kernelsynth', 23)]",-0.009,0.011,-0.029,0.013,0.0,0.0,17229.0,5688.0,1.0
"u_bg[('kernelsynth', 24)]",0.004,0.011,-0.018,0.025,0.0,0.0,17613.0,5040.0,1.0
"u_bg[('kernelsynth', 25)]",0.006,0.011,-0.015,0.026,0.0,0.0,21378.0,5482.0,1.0
"u_bg[('kernelsynth', 26)]",0.021,0.011,0.0,0.042,0.0,0.0,21864.0,5233.0,1.0
"u_bg[('kernelsynth', 27)]",-0.074,0.011,-0.097,-0.052,0.0,0.0,20335.0,5620.0,1.0
"u_bg[('kernelsynth', 28)]",0.013,0.011,-0.008,0.034,0.0,0.0,18663.0,5412.0,1.0
"u_bg[('kernelsynth', 29)]",0.005,0.011,-0.016,0.027,0.0,0.0,17795.0,5973.0,1.0
"u_bg[('kernelsynth', 30)]",-0.028,0.011,-0.051,-0.006,0.0,0.0,20830.0,5654.0,1.0
"u_bg[('kernelsynth', 31)]",0.007,0.012,-0.016,0.03,0.0,0.0,21033.0,5459.0,1.0
"u_bg[('kernelsynth', 32)]",-0.001,0.012,-0.023,0.022,0.0,0.0,18203.0,5679.0,1.0
"u_bg[('kernelsynth', 33)]",0.018,0.011,-0.003,0.038,0.0,0.0,18996.0,5613.0,1.0
"u_bg[('kernelsynth', 34)]",-0.014,0.011,-0.035,0.008,0.0,0.0,18168.0,5860.0,1.0
"u_bg[('kernelsynth', 35)]",-0.007,0.011,-0.03,0.013,0.0,0.0,18399.0,5728.0,1.0
"u_bg[('kernelsynth', 36)]",-0.042,0.011,-0.063,-0.019,0.0,0.0,16423.0,5010.0,1.0
"u_bg[('kernelsynth', 37)]",0.019,0.011,-0.003,0.041,0.0,0.0,19609.0,4938.0,1.0
"u_bg[('kernelsynth', 38)]",0.046,0.011,0.025,0.068,0.0,0.0,20863.0,5491.0,1.0
"u_bg[('kernelsynth', 39)]",0.005,0.012,-0.018,0.027,0.0,0.0,17969.0,4930.0,1.0
"u_bg[('kernelsynth', 40)]",0.026,0.011,0.005,0.047,0.0,0.0,16684.0,5045.0,1.0
"u_bg[('kernelsynth', 41)]",0.019,0.011,-0.003,0.04,0.0,0.0,24024.0,5461.0,1.0
"u_bg[('kernelsynth', 42)]",-0.2,0.014,-0.229,-0.173,0.0,0.0,17597.0,5593.0,1.0
"u_bg[('kernelsynth', 43)]",-0.222,0.014,-0.249,-0.194,0.0,0.0,16968.0,5720.0,1.0
"u_bg[('kernelsynth', 44)]",0.016,0.011,-0.004,0.038,0.0,0.0,22006.0,5259.0,1.0
"u_bg[('kernelsynth', 45)]",-0.01,0.011,-0.032,0.013,0.0,0.0,18389.0,4879.0,1.0
"u_bg[('kernelsynth', 46)]",0.064,0.011,0.042,0.085,0.0,0.0,20734.0,4583.0,1.0
"u_bg[('kernelsynth', 47)]",0.03,0.011,0.008,0.051,0.0,0.0,20361.0,5575.0,1.0
"u_bg[('kernelsynth', 48)]",0.02,0.011,-0.002,0.04,0.0,0.0,21944.0,4914.0,1.0
"u_bg[('kernelsynth', 49)]",0.009,0.011,-0.013,0.031,0.0,0.0,19162.0,5619.0,1.0
"u_bg[('kernelsynth', 50)]",0.043,0.011,0.022,0.065,0.0,0.0,20041.0,5494.0,1.0
"u_bg[('kernelsynth', 51)]",-0.013,0.011,-0.034,0.008,0.0,0.0,16606.0,6109.0,1.0
"u_bg[('kernelsynth', 52)]",0.015,0.012,-0.007,0.039,0.0,0.0,21787.0,5206.0,1.0
"u_bg[('kernelsynth', 53)]",-0.011,0.011,-0.032,0.01,0.0,0.0,18420.0,5307.0,1.0
"u_bg[('kernelsynth', 54)]",-0.007,0.011,-0.028,0.015,0.0,0.0,16114.0,5344.0,1.0
"u_bg[('kernelsynth', 55)]",0.024,0.011,0.003,0.046,0.0,0.0,22191.0,5653.0,1.0
"u_bg[('kernelsynth', 56)]",-0.039,0.011,-0.062,-0.017,0.0,0.0,18421.0,5189.0,1.0
"u_bg[('kernelsynth', 57)]",0.013,0.011,-0.009,0.035,0.0,0.0,20314.0,5398.0,1.0
"u_bg[('kernelsynth', 58)]",-0.002,0.011,-0.023,0.02,0.0,0.0,19201.0,5949.0,1.0
"u_bg[('kernelsynth', 59)]",-0.035,0.011,-0.056,-0.011,0.0,0.0,19957.0,5851.0,1.0
"u_bg[('kernelsynth', 60)]",-0.037,0.011,-0.058,-0.014,0.0,0.0,19774.0,4966.0,1.0
"u_bg[('kernelsynth', 61)]",-0.16,0.013,-0.186,-0.134,0.0,0.0,19775.0,6182.0,1.0
"u_bg[('kernelsynth', 62)]",0.009,0.011,-0.013,0.03,0.0,0.0,22150.0,5202.0,1.0
"u_bg[('kernelsynth', 63)]",0.018,0.011,-0.002,0.039,0.0,0.0,19542.0,5339.0,1.0
"u_bg[('kernelsynth', 64)]",-0.008,0.011,-0.029,0.012,0.0,0.0,18524.0,5109.0,1.0
"u_bg[('kernelsynth', 65)]",0.017,0.01,-0.004,0.037,0.0,0.0,18444.0,5166.0,1.0
"u_bg[('kernelsynth', 66)]",-0.049,0.012,-0.071,-0.026,0.0,0.0,21592.0,5004.0,1.0
"u_bg[('kernelsynth', 67)]",-0.152,0.012,-0.177,-0.129,0.0,0.0,19351.0,5297.0,1.0
"u_bg[('kernelsynth', 68)]",0.013,0.011,-0.008,0.035,0.0,0.0,23335.0,5496.0,1.0
"u_bg[('kernelsynth', 69)]",0.015,0.011,-0.006,0.036,0.0,0.0,19989.0,5133.0,1.0
"u_bg[('kernelsynth', 70)]",0.063,0.011,0.042,0.085,0.0,0.0,20230.0,5802.0,1.0
"u_bg[('kernelsynth', 71)]",-0.002,0.011,-0.024,0.019,0.0,0.0,22380.0,5288.0,1.0
"u_bg[('kernelsynth', 72)]",-0.017,0.011,-0.04,0.003,0.0,0.0,18691.0,5892.0,1.0
"u_bg[('kernelsynth', 73)]",-0.056,0.011,-0.077,-0.035,0.0,0.0,18265.0,5543.0,1.0
"u_bg[('kernelsynth', 74)]",0.01,0.011,-0.01,0.031,0.0,0.0,17631.0,6209.0,1.0
"u_bg[('kernelsynth', 75)]",0.008,0.011,-0.015,0.028,0.0,0.0,20111.0,6023.0,1.0
"u_bg[('kernelsynth', 76)]",-0.101,0.012,-0.125,-0.08,0.0,0.0,18701.0,5782.0,1.0
"u_bg[('kernelsynth', 77)]",-0.058,0.012,-0.081,-0.035,0.0,0.0,18459.0,5511.0,1.0
"u_bg[('kernelsynth', 78)]",0.029,0.011,0.009,0.05,0.0,0.0,18754.0,5799.0,1.0
"u_bg[('kernelsynth', 79)]",0.033,0.011,0.012,0.053,0.0,0.0,20458.0,5631.0,1.0
"u_bg[('kernelsynth', 80)]",0.023,0.011,0.002,0.044,0.0,0.0,18792.0,5899.0,1.0
"u_bg[('kernelsynth', 81)]",0.024,0.011,0.003,0.045,0.0,0.0,18423.0,5700.0,1.0
"u_bg[('kernelsynth', 82)]",-0.118,0.013,-0.142,-0.092,0.0,0.0,18494.0,5459.0,1.0
"u_bg[('kernelsynth', 83)]",0.025,0.011,0.005,0.048,0.0,0.0,18939.0,5970.0,1.0
"u_bg[('kernelsynth', 84)]",0.041,0.011,0.02,0.063,0.0,0.0,18968.0,5241.0,1.0
"u_bg[('kernelsynth', 85)]",-0.25,0.014,-0.278,-0.224,0.0,0.0,18003.0,5895.0,1.0
"u_bg[('kernelsynth', 86)]",-0.013,0.011,-0.035,0.007,0.0,0.0,17876.0,5475.0,1.0
"u_bg[('kernelsynth', 87)]",0.026,0.011,0.005,0.047,0.0,0.0,19552.0,5210.0,1.0
"u_bg[('kernelsynth', 88)]",0.024,0.011,0.003,0.045,0.0,0.0,17759.0,6104.0,1.0
"u_bg[('kernelsynth', 89)]",-0.001,0.01,-0.022,0.019,0.0,0.0,19649.0,6037.0,1.0
"u_bg[('kernelsynth', 90)]",-0.002,0.011,-0.022,0.02,0.0,0.0,16584.0,5696.0,1.0
"u_bg[('kernelsynth', 91)]",0.028,0.01,0.008,0.048,0.0,0.0,19819.0,5424.0,1.0
"u_bg[('kernelsynth', 92)]",-0.08,0.011,-0.102,-0.058,0.0,0.0,18861.0,5726.0,1.0
"u_bg[('kernelsynth', 93)]",-0.006,0.011,-0.028,0.016,0.0,0.0,20759.0,5014.0,1.0
"u_bg[('kernelsynth', 94)]",0.019,0.011,-0.002,0.04,0.0,0.0,19163.0,4857.0,1.0
"u_bg[('kernelsynth', 95)]",-0.008,0.011,-0.03,0.014,0.0,0.0,21298.0,5998.0,1.0
"u_bg[('kernelsynth', 96)]",-0.051,0.012,-0.074,-0.029,0.0,0.0,20919.0,5144.0,1.0
"u_bg[('kernelsynth', 97)]",-0.055,0.012,-0.077,-0.032,0.0,0.0,20216.0,5509.0,1.0
"u_bg[('kernelsynth', 98)]",-0.018,0.011,-0.039,0.003,0.0,0.0,17579.0,5625.0,1.0
"u_bg[('kernelsynth', 99)]",0.024,0.011,0.002,0.046,0.0,0.0,22899.0,5602.0,1.0
"u_bg[('tsmixup', 0)]",-0.0,0.011,-0.021,0.022,0.0,0.0,19008.0,5537.0,1.0
"u_bg[('tsmixup', 1)]",0.029,0.011,0.008,0.05,0.0,0.0,21139.0,5737.0,1.0
"u_bg[('tsmixup', 2)]",0.026,0.011,0.005,0.047,0.0,0.0,20457.0,4589.0,1.0
"u_bg[('tsmixup', 3)]",0.025,0.01,0.004,0.045,0.0,0.0,19336.0,5828.0,1.0
"u_bg[('tsmixup', 4)]",0.012,0.011,-0.009,0.033,0.0,0.0,19507.0,6009.0,1.0
"u_bg[('tsmixup', 5)]",-0.001,0.011,-0.022,0.021,0.0,0.0,16242.0,5380.0,1.0
"u_bg[('tsmixup', 6)]",0.018,0.011,-0.003,0.039,0.0,0.0,21030.0,6091.0,1.0
"u_bg[('tsmixup', 7)]",0.014,0.01,-0.007,0.034,0.0,0.0,18055.0,5423.0,1.0
"u_bg[('tsmixup', 8)]",0.034,0.011,0.013,0.054,0.0,0.0,17716.0,5620.0,1.0
"u_bg[('tsmixup', 9)]",0.045,0.011,0.024,0.067,0.0,0.0,17560.0,6107.0,1.0
"u_bg[('tsmixup', 10)]",-0.017,0.011,-0.038,0.006,0.0,0.0,20036.0,6190.0,1.0
"u_bg[('tsmixup', 11)]",0.001,0.011,-0.02,0.021,0.0,0.0,20403.0,5862.0,1.0
"u_bg[('tsmixup', 12)]",0.013,0.011,-0.008,0.034,0.0,0.0,18502.0,5814.0,1.0
"u_bg[('tsmixup', 13)]",0.015,0.011,-0.005,0.036,0.0,0.0,16963.0,5781.0,1.0
"u_bg[('tsmixup', 14)]",0.021,0.011,-0.0,0.042,0.0,0.0,17297.0,5286.0,1.0
"u_bg[('tsmixup', 15)]",0.011,0.011,-0.01,0.032,0.0,0.0,20194.0,5810.0,1.0
"u_bg[('tsmixup', 16)]",-0.0,0.011,-0.022,0.02,0.0,0.0,19716.0,4763.0,1.0
"u_bg[('tsmixup', 17)]",0.021,0.01,0.001,0.041,0.0,0.0,20668.0,5767.0,1.0
"u_bg[('tsmixup', 18)]",0.017,0.01,-0.003,0.038,0.0,0.0,18461.0,5861.0,1.0
"u_bg[('tsmixup', 19)]",0.036,0.01,0.017,0.057,0.0,0.0,21044.0,5907.0,1.0
"u_bg[('tsmixup', 20)]",0.028,0.011,0.007,0.049,0.0,0.0,16256.0,5396.0,1.0
"u_bg[('tsmixup', 21)]",-0.049,0.012,-0.072,-0.026,0.0,0.0,20114.0,6017.0,1.0
"u_bg[('tsmixup', 22)]",0.02,0.011,-0.0,0.041,0.0,0.0,18413.0,4720.0,1.0
"u_bg[('tsmixup', 23)]",0.016,0.01,-0.005,0.036,0.0,0.0,17193.0,5589.0,1.0
"u_bg[('tsmixup', 24)]",0.001,0.011,-0.019,0.023,0.0,0.0,19465.0,5374.0,1.0
"u_bg[('tsmixup', 25)]",0.005,0.011,-0.016,0.026,0.0,0.0,20169.0,5442.0,1.0
"u_bg[('tsmixup', 26)]",0.018,0.011,-0.005,0.039,0.0,0.0,18736.0,5630.0,1.0
"u_bg[('tsmixup', 27)]",0.017,0.01,-0.003,0.038,0.0,0.0,19243.0,5225.0,1.0
"u_bg[('tsmixup', 28)]",0.023,0.011,0.003,0.044,0.0,0.0,17797.0,5184.0,1.0
"u_bg[('tsmixup', 29)]",0.009,0.011,-0.012,0.03,0.0,0.0,20773.0,5528.0,1.0
"u_bg[('tsmixup', 30)]",0.02,0.011,-0.002,0.04,0.0,0.0,18584.0,5000.0,1.0
"u_bg[('tsmixup', 31)]",0.058,0.011,0.037,0.079,0.0,0.0,17361.0,5988.0,1.0
"u_bg[('tsmixup', 32)]",0.03,0.011,0.008,0.052,0.0,0.0,18459.0,5841.0,1.0
"u_bg[('tsmixup', 33)]",0.035,0.011,0.014,0.056,0.0,0.0,15883.0,5559.0,1.0
"u_bg[('tsmixup', 34)]",-0.025,0.011,-0.046,-0.004,0.0,0.0,18624.0,5652.0,1.0
"u_bg[('tsmixup', 35)]",0.018,0.011,-0.002,0.039,0.0,0.0,20195.0,5568.0,1.0
"u_bg[('tsmixup', 36)]",0.007,0.011,-0.015,0.028,0.0,0.0,18077.0,5079.0,1.0
"u_bg[('tsmixup', 37)]",-0.174,0.013,-0.2,-0.151,0.0,0.0,19249.0,5977.0,1.0
"u_bg[('tsmixup', 38)]",0.047,0.011,0.026,0.068,0.0,0.0,22309.0,5417.0,1.0
"u_bg[('tsmixup', 39)]",0.039,0.011,0.018,0.061,0.0,0.0,19106.0,4865.0,1.0
"u_bg[('tsmixup', 40)]",0.025,0.011,0.005,0.047,0.0,0.0,19051.0,5300.0,1.0
"u_bg[('tsmixup', 41)]",0.015,0.011,-0.007,0.035,0.0,0.0,20430.0,5574.0,1.0
"u_bg[('tsmixup', 42)]",0.019,0.011,-0.002,0.04,0.0,0.0,22024.0,5729.0,1.0
"u_bg[('tsmixup', 43)]",0.029,0.011,0.008,0.05,0.0,0.0,18482.0,5201.0,1.0
"u_bg[('tsmixup', 44)]",0.001,0.011,-0.02,0.022,0.0,0.0,16948.0,5761.0,1.0
"u_bg[('tsmixup', 45)]",0.042,0.011,0.021,0.063,0.0,0.0,19182.0,5627.0,1.0
"u_bg[('tsmixup', 46)]",0.024,0.011,0.003,0.046,0.0,0.0,17710.0,5003.0,1.0
"u_bg[('tsmixup', 47)]",0.009,0.011,-0.011,0.031,0.0,0.0,18980.0,5323.0,1.0
"u_bg[('tsmixup', 48)]",0.028,0.011,0.007,0.048,0.0,0.0,18615.0,5258.0,1.0
"u_bg[('tsmixup', 49)]",0.003,0.011,-0.018,0.026,0.0,0.0,19780.0,4757.0,1.0
"u_bg[('tsmixup', 50)]",0.021,0.011,0.0,0.041,0.0,0.0,18675.0,5800.0,1.0
"u_bg[('tsmixup', 51)]",-0.009,0.011,-0.03,0.012,0.0,0.0,16612.0,5951.0,1.0
"u_bg[('tsmixup', 52)]",-0.055,0.011,-0.078,-0.034,0.0,0.0,19151.0,5461.0,1.0
"u_bg[('tsmixup', 53)]",-0.006,0.011,-0.027,0.014,0.0,0.0,19816.0,5318.0,1.0
"u_bg[('tsmixup', 54)]",0.022,0.011,0.001,0.043,0.0,0.0,20785.0,5247.0,1.0
"u_bg[('tsmixup', 55)]",0.026,0.011,0.006,0.048,0.0,0.0,19311.0,5790.0,1.0
"u_bg[('tsmixup', 56)]",0.022,0.011,0.001,0.044,0.0,0.0,17907.0,5771.0,1.0
"u_bg[('tsmixup', 57)]",0.005,0.011,-0.016,0.025,0.0,0.0,20186.0,5800.0,1.0
"u_bg[('tsmixup', 58)]",0.004,0.011,-0.016,0.025,0.0,0.0,21694.0,5377.0,1.0
"u_bg[('tsmixup', 59)]",0.0,0.011,-0.022,0.021,0.0,0.0,14428.0,5497.0,1.0
"u_bg[('tsmixup', 60)]",0.01,0.011,-0.01,0.032,0.0,0.0,18712.0,5058.0,1.0
"u_bg[('tsmixup', 61)]",0.015,0.011,-0.005,0.036,0.0,0.0,20970.0,5714.0,1.0
"u_bg[('tsmixup', 62)]",0.019,0.01,-0.002,0.039,0.0,0.0,19639.0,5367.0,1.0
"u_bg[('tsmixup', 63)]",0.009,0.01,-0.012,0.029,0.0,0.0,20352.0,5377.0,1.0
"u_bg[('tsmixup', 64)]",0.017,0.011,-0.005,0.038,0.0,0.0,19800.0,5405.0,1.0
"u_bg[('tsmixup', 65)]",0.0,0.011,-0.022,0.022,0.0,0.0,20143.0,5696.0,1.0
"u_bg[('tsmixup', 66)]",0.019,0.01,-0.001,0.04,0.0,0.0,20663.0,5454.0,1.0
"u_bg[('tsmixup', 67)]",-0.12,0.012,-0.145,-0.097,0.0,0.0,19383.0,5295.0,1.0
"u_bg[('tsmixup', 68)]",0.015,0.011,-0.006,0.037,0.0,0.0,17821.0,5358.0,1.0
"u_bg[('tsmixup', 69)]",0.001,0.011,-0.021,0.022,0.0,0.0,20289.0,5353.0,1.0
"u_bg[('tsmixup', 70)]",0.029,0.011,0.008,0.049,0.0,0.0,19692.0,5718.0,1.0
"u_bg[('tsmixup', 71)]",0.01,0.011,-0.011,0.031,0.0,0.0,18470.0,5536.0,1.0
"u_bg[('tsmixup', 72)]",0.005,0.011,-0.017,0.026,0.0,0.0,18001.0,5491.0,1.0
"u_bg[('tsmixup', 73)]",0.028,0.01,0.008,0.049,0.0,0.0,21932.0,5556.0,1.0
"u_bg[('tsmixup', 74)]",0.016,0.011,-0.004,0.037,0.0,0.0,15865.0,5133.0,1.0
"u_bg[('tsmixup', 75)]",0.018,0.011,-0.004,0.039,0.0,0.0,20105.0,5759.0,1.0
"u_bg[('tsmixup', 76)]",0.009,0.011,-0.012,0.03,0.0,0.0,23397.0,5906.0,1.0
"u_bg[('tsmixup', 77)]",0.031,0.011,0.01,0.051,0.0,0.0,17088.0,5371.0,1.0
"u_bg[('tsmixup', 78)]",0.01,0.01,-0.011,0.03,0.0,0.0,19380.0,5922.0,1.0
"u_bg[('tsmixup', 79)]",0.01,0.011,-0.011,0.031,0.0,0.0,17335.0,5286.0,1.0
"u_bg[('tsmixup', 80)]",0.036,0.011,0.014,0.057,0.0,0.0,21652.0,5360.0,1.0
"u_bg[('tsmixup', 81)]",0.066,0.011,0.044,0.088,0.0,0.0,19856.0,5594.0,1.0
"u_bg[('tsmixup', 82)]",0.014,0.011,-0.007,0.034,0.0,0.0,19540.0,5604.0,1.0
"u_bg[('tsmixup', 83)]",0.015,0.011,-0.006,0.036,0.0,0.0,17717.0,5449.0,1.0
"u_bg[('tsmixup', 84)]",0.056,0.012,0.034,0.079,0.0,0.0,15841.0,6144.0,1.0
"u_bg[('tsmixup', 85)]",0.016,0.011,-0.004,0.037,0.0,0.0,17176.0,5820.0,1.0
"u_bg[('tsmixup', 86)]",0.012,0.011,-0.009,0.033,0.0,0.0,16918.0,5892.0,1.0
"u_bg[('tsmixup', 87)]",0.011,0.011,-0.01,0.032,0.0,0.0,16471.0,5698.0,1.0
"u_bg[('tsmixup', 88)]",0.013,0.011,-0.009,0.033,0.0,0.0,19025.0,5482.0,1.0
"u_bg[('tsmixup', 89)]",0.02,0.011,-0.001,0.039,0.0,0.0,18259.0,6056.0,1.0
"u_bg[('tsmixup', 90)]",0.006,0.01,-0.014,0.027,0.0,0.0,19512.0,5592.0,1.0
"u_bg[('tsmixup', 91)]",0.019,0.011,-0.001,0.042,0.0,0.0,17331.0,5563.0,1.0
"u_bg[('tsmixup', 92)]",0.014,0.011,-0.007,0.035,0.0,0.0,17515.0,5476.0,1.0
"u_bg[('tsmixup', 93)]",0.015,0.011,-0.005,0.036,0.0,0.0,19862.0,5769.0,1.0
"u_bg[('tsmixup', 94)]",0.017,0.011,-0.005,0.037,0.0,0.0,19188.0,5406.0,1.0
"u_bg[('tsmixup', 95)]",0.008,0.01,-0.013,0.027,0.0,0.0,17035.0,5429.0,1.0
"u_bg[('tsmixup', 96)]",0.012,0.011,-0.01,0.033,0.0,0.0,20624.0,5785.0,1.0
"u_bg[('tsmixup', 97)]",0.049,0.011,0.028,0.07,0.0,0.0,19006.0,6129.0,1.0
"u_bg[('tsmixup', 98)]",0.022,0.011,0.001,0.043,0.0,0.0,20287.0,5592.0,1.0
"u_bg[('tsmixup', 99)]",0.008,0.011,-0.014,0.029,0.0,0.0,19342.0,5469.0,1.0
"u_harm[('102.4',)]",-0.27,0.006,-0.282,-0.257,0.0,0.0,14225.0,5564.0,1.0
"u_harm[('106.666667',)]",-0.36,0.005,-0.369,-0.351,0.0,0.0,13974.0,5788.0,1.0
"u_harm[('112.0',)]",-0.67,0.005,-0.68,-0.66,0.0,0.0,15399.0,5929.0,1.0
"u_harm[('128.0',)]",3.253,0.008,3.238,3.268,0.0,0.0,17731.0,5455.0,1.0
"u_harm[('144.0',)]",-0.693,0.005,-0.703,-0.683,0.0,0.0,14883.0,5736.0,1.0
"u_harm[('149.333333',)]",-0.466,0.004,-0.475,-0.458,0.0,0.0,13263.0,5629.0,1.0
"u_harm[('153.6',)]",-0.202,0.007,-0.215,-0.189,0.0,0.0,17382.0,6207.0,1.0
"u_harm[('16.0',)]",-0.133,0.007,-0.147,-0.121,0.0,0.0,17342.0,5478.0,1.0
"u_harm[('160.0',)]",-0.36,0.003,-0.366,-0.354,0.0,0.0,12170.0,6114.0,1.0
"u_harm[('170.666667',)]",-0.228,0.003,-0.235,-0.221,0.0,0.0,11472.0,6502.0,1.0
"u_harm[('176.0',)]",-0.296,0.004,-0.304,-0.288,0.0,0.0,13533.0,6169.0,1.0
"u_harm[('179.2',)]",-0.31,0.007,-0.322,-0.297,0.0,0.0,15701.0,5937.0,1.0
"u_harm[('192.0',)]",-0.303,0.003,-0.309,-0.297,0.0,0.0,12907.0,6642.0,1.0
"u_harm[('204.8',)]",-0.301,0.006,-0.314,-0.289,0.0,0.0,15850.0,5572.0,1.0
"u_harm[('208.0',)]",-0.285,0.004,-0.293,-0.278,0.0,0.0,14464.0,6171.0,1.0
"u_harm[('21.333333',)]",1.449,0.005,1.44,1.459,0.0,0.0,11457.0,5543.0,1.0
"u_harm[('213.333333',)]",-0.246,0.003,-0.253,-0.24,0.0,0.0,11646.0,6889.0,1.0
"u_harm[('224.0',)]",-0.338,0.003,-0.344,-0.332,0.0,0.0,11976.0,6261.0,1.0
"u_harm[('230.4',)]",-0.248,0.006,-0.261,-0.236,0.0,0.0,15731.0,5946.0,1.0
"u_harm[('234.666667',)]",-0.36,0.004,-0.368,-0.352,0.0,0.0,12028.0,6179.0,1.0
"u_harm[('240.0',)]",-0.492,0.004,-0.501,-0.484,0.0,0.0,13345.0,6084.0,1.0
"u_harm[('25.6',)]",-0.992,0.009,-1.01,-0.974,0.0,0.0,13484.0,5693.0,1.0
"u_harm[('32.0',)]",-1.773,0.005,-1.783,-1.763,0.0,0.0,13740.0,5272.0,1.0
"u_harm[('42.666667',)]",3.175,0.004,3.167,3.183,0.0,0.0,13620.0,6039.0,1.0
"u_harm[('48.0',)]",-0.165,0.006,-0.176,-0.154,0.0,0.0,18391.0,5786.0,1.0
"u_harm[('51.2',)]",-1.325,0.008,-1.34,-1.31,0.0,0.0,14507.0,5715.0,1.0
"u_harm[('64.0',)]",1.839,0.006,1.827,1.85,0.0,0.0,14222.0,6453.0,1.0
"u_harm[('76.8',)]",-0.263,0.007,-0.277,-0.25,0.0,0.0,17014.0,5775.0,1.0
"u_harm[('80.0',)]",-0.386,0.005,-0.395,-0.376,0.0,0.0,15100.0,6171.0,1.0
"u_harm[('85.333333',)]",2.318,0.012,2.294,2.34,0.0,0.0,12431.0,6469.0,1.0
"u_harm[('96.0',)]",-0.568,0.004,-0.575,-0.561,0.0,0.0,10290.0,6774.0,1.0
